sleep_hours,meal_quality,screen_time,physical_activity,steps,mood,stress_level
6.605619832565118,2.003111369530826,8.808727631074065,1.2505638120324938,2941.8812190955787,5.179942130038464,2
4.364590119771263,4.45044877559126,7.834033145263437,1.5269721689584843,2230.1404282933745,3.5713454730834666,2
7.380968640717142,6.755345296688583,1.2212797510957214,6.496044311489183,10981.548484531086,7.944415329089545,0
7.859965899661105,7.2858517826818625,5.285953386897536,3.9413105807674835,5951.214144708691,6.477512459936171,1
7.4252446229980515,7.786552848288153,3.3109075655980047,6.475356216949552,11286.489434803028,7.840061470036573,0
5.568273377152784,5.803656853447006,7.500054776891317,0.005751600483717034,4251.291572794452,5.197168027247853,2
8.868629059951477,8.097983153470896,3.3080505395041024,4.608351432578209,10403.690411867661,7.656807724502589,0
5.720996952905636,3.8457765063284137,11.390905138709995,1.204515947495301,3617.823464856618,3.4346070297145985,2
5.889371116657134,6.045525402537122,6.024993489216604,2.7906861804206384,9109.467071649018,8.836646993543233,1
5.43600577522258,5.512607411570085,7.588951173476452,2.3628684188073747,2626.6652498802837,4.0502276991656805,2
6.663732832143474,4.866291751837624,7.881087549709019,3.131349830664872,5671.090905603463,3.4987658922097875,2
7.797945478885472,6.7522168180351505,4.632411303931635,3.5698586220393675,9339.933269954525,8.130740577286092,0
8.285612388772037,7.307090404739346,3.8995998754332506,5.307299520876609,11219.29317825844,8.629628841923612,0
4.884890306076761,4.084896805143395,8.333730737181709,1.1025991177152896,3849.7039429931715,4.068072269248621,2
8.53030501493393,9.173473857485325,3.1810215587037067,3.7031680520441537,10599.531927628963,7.348643106208171,0
8.4182683904284,7.426299996061421,2.9756454077390173,7.142270358611864,12591.314755151066,8.436323669674032,0
6.878777519228183,5.678830690921448,6.27015616282474,0.8727725796485046,7351.3585496380965,5.276615213059246,1
6.009129915709765,6.235489128800064,5.818680070298534,0.8284285952395525,7487.830197582374,6.189707070387821,1
6.288075724852377,4.517410799115185,5.145796305954306,3.003470688605872,6096.500940178222,4.538434957216452,2
5.503426098842892,6.065920933199818,3.9356302178762412,1.7414950893246655,7174.474424363444,5.629820653853017,1
6.619354616967523,7.322435347664345,4.1941094030473725,4.018834468860319,9303.39360653592,8.462060893251897,0
6.619490785816951,6.436968355265593,5.010767700361913,0.9135223416289153,7740.73443596022,8.65503724727669,1
7.669756750974109,6.538362917417433,6.442980783607761,2.762988029987372,8624.850359135566,6.335121405859831,1
8.212289879519703,7.417241342388418,0.5611828417235709,4.865720837813696,12134.12220414991,8.926215402241592,0
10.058687842599888,8.059218434014488,3.0139292919129463,4.975874912889997,10297.127141151783,7.855639588076057,0
6.302516080793124,7.392178012905568,4.296994546561109,4.977131937701118,8501.046651557634,7.4952250787717825,0
5.739271416250214,6.382225205758649,3.512455004839534,2.367119725115208,7783.992460938562,6.356693128056149,1
6.014116453430231,5.907334745732346,5.6387654879447435,3.418205755887972,4835.982368927396,7.276729185073028,1
7.917396191880762,6.356811188845833,2.824145595567929,6.661470165728018,10031.329732443943,8.230700905718683,0
7.49166720515325,5.524524386277888,6.602569000541024,3.604120889588518,10955.458128157185,4.224666932232331,1
8.559062736162028,8.42097294438939,3.4920188479927994,4.47396515733242,6769.985620193133,9.097152711753695,0
3.192958605068184,4.17018563919625,6.930608174100486,2.091281193781216,5092.825029330703,3.072446669188272,2
6.568888694607183,5.103692057915799,6.485249358438933,2.7828689250537977,8289.80502550846,5.42710715256864,1
6.721280612408944,7.434576780990575,4.105056412082405,5.097939339132431,6711.553599021923,6.038888416008163,1
7.744121981396125,8.15175799224874,2.164857098369977,7.089538721694773,7588.508459322912,8.184740578895724,0
5.834436066004439,5.234060728165807,3.7769365575258185,1.933765068100775,10687.157104525442,7.597606874386083,1
5.75966029915233,6.306460506809181,3.656980516455464,2.5918991608397794,6006.276907814657,6.781363490188388,1
9.64859833990559,9.755340842443204,2.7510358515209266,5.971570950954355,10968.06392437772,9.368631557532348,0
5.9757699818029355,7.713995778119889,4.100959634998571,6.958347454220593,8155.675608321375,8.496699223236522,0
7.307577430876775,4.986070273687805,2.751476059312398,2.908155235665045,7368.8470068342285,6.657983553065399,1
3.058141340620594,4.495435039595041,4.614787253979554,1.46827912199835,3645.7866095558,4.809264698241986,2
7.792326918909116,6.496857046881894,2.754256935914056,4.72727643025233,5954.670035587642,7.945705133482188,0
6.106231558859969,4.740838433146654,7.385880131667252,1.7244182329980378,3875.87601956454,4.337766099054601,2
8.350780591047782,8.01961665769399,3.67286123596682,5.591814133741378,9468.938933588464,7.426398227103099,0
4.9745058714148005,4.239409431435772,7.087555436226843,1.5169128550104363,4485.191109735443,1.914207561094996,2
7.473506808739795,7.696273971223335,1.654129076526785,4.180742140278502,9285.66868968301,8.874389180712727,0
8.017972714249638,8.54711911517521,1.8191871846911551,6.114321694668872,11073.071973161866,8.718185725707935,0
8.650813773895736,6.769135683566045,3.2274599346041293,6.307142754282428,7588.775148158158,8.184633858532305,0
8.355055542516983,8.774634053429336,2.073069528421917,4.9404746439382,5138.098989896391,6.97561235866571,0
9.031802203266196,8.673181351269958,2.861544016016226,3.775701763710634,9686.465114070963,7.1494795457907,0
7.504322887567917,7.135043572420974,3.6491144711959076,1.867215048732255,8025.555324579507,4.986811155380314,1
5.4416625641860605,2.779523970227726,5.743891412026763,0.3144887082991352,2864.06283170359,4.178529169720478,2
8.575806353718546,6.706727042128836,2.043563623181991,5.472406277880378,12226.174042803948,8.35561334878566,0
6.732877741211421,8.760414656144297,3.785800158650832,5.425457561784965,8549.53578530618,7.9522886438580205,0
5.473145453267787,3.656506274352519,6.64328944386109,2.3731450299298533,5781.034244634003,2.920467147833961,2
8.951130697179714,8.708303847201064,3.351448207541583,6.070150238316428,9960.21811112641,7.118125348772282,0
6.1809899053056725,4.983929475644606,5.54994716394601,1.3631486898234928,5154.376085784856,1.6859559339998946,2
5.5009173290858575,3.321210873267869,9.40803394354271,2.9791490753903123,2642.8700024925492,3.0676287568180127,2
4.678840961294298,2.597249151876489,8.71010176974274,1.3303278931079683,4911.919359343057,4.446536506940712,2
8.988625753457724,6.928946320350951,3.6802161054504494,6.192507512477975,7332.118623990225,8.319651825918978,0
8.800465854434382,7.329379790923355,4.392465300064329,4.749953485401047,10433.040443919786,8.26032183877122,0
7.555840378645441,9.88115706944059,1.551986099583756,2.801194043379918,10660.02167508,7.497945775647389,0
8.446661530017378,8.076005391412412,3.538755992446369,4.079326406920634,10254.041236054118,6.58628550309502,0
8.400733750099505,7.022444755201449,3.099332305429226,5.751387123371789,7495.892078317942,8.543360192379936,0
8.839642172255468,7.464764788439432,4.317394065634326,5.1975996046924,13112.891308937898,7.310812181910432,0
6.3680793504886015,4.651081666073951,8.276686147570357,2.9790847348340748,5506.933331217538,3.4077591551871853,2
9.02213191663074,7.40842861116417,3.5470973811700377,4.797807347566106,9673.47819515917,9.09877685198719,0
6.145564783097214,5.424608439120908,5.4448633177111425,3.4631847952675847,7795.9383984468095,6.373570408131462,1
5.534382681714227,4.709625128340915,7.514589540812304,2.054493120057269,5769.974234106061,7.364777450837675,1
7.297256408463558,5.440205544926163,5.960719692801236,2.8094968940021885,7986.085542332341,4.622770332221199,1
5.231213350209633,3.744090737833146,7.806447763057673,3.3896141773709036,6197.560902185451,6.641554903346922,1
7.8505026846709125,7.560268941725825,4.446977884353733,5.196554776511575,11547.766809202953,6.5144396269630285,0
5.5896392313574,1.3178063243460616,9.049584117781658,1.4098106362521272,6029.851620129764,4.741073780682286,2
7.195186094800238,6.785811387212268,4.158110873500068,5.791662693962936,10936.179725578233,8.62834550926428,0
7.575599081911578,7.42418175935532,2.724948302848356,2.698078835264415,7727.213406702172,9.366874267444524,0
6.79768437808549,6.466991034801515,4.920319020473682,4.223568882418627,9144.703850716325,5.249187255004545,1
8.886546253390014,6.960094072874469,3.6127739050625696,3.9465844368263436,9064.346558956293,9.914031353866786,0
7.339602242565991,7.678614158347006,3.412931454275624,4.436275447196025,8766.669406650353,8.243687211491912,0
4.869074194873874,5.853887739922605,5.686236390257335,1.3553602760926362,6515.411880254023,3.9556385444884383,2
6.0287689914234805,5.102022054202546,7.372487713773824,2.062494188188813,5600.353783290163,4.201652905129254,2
6.560255529530931,2.158076504540536,5.026838039425232,3.0475552811221185,4584.665966346794,3.328279210741923,2
8.868716452665263,8.474698232879954,2.9749730412548563,5.817766299200287,12085.31132352597,8.557810306351863,0
5.743651775540173,4.25414800336234,7.047093798299165,3.2860626451196087,4969.159163974239,4.289183673118726,2
8.748542714517969,9.27155509499416,3.721672064043235,3.870948228782771,9213.21960058034,8.489374561227917,0
5.997812875132396,5.6543533512935085,7.127797017722055,0.5121913434649206,9415.448079132282,6.40562817732205,1
5.534207862374675,3.627909714141577,8.561431260696684,0.9877932727318279,5720.880137641569,3.127011033110647,2
3.518419228448632,2.8926362700506925,7.202785511481078,1.7390130364469123,2981.9967688771376,3.718835957535443,2
7.861898160047344,8.883659937486673,3.6523228784134196,3.4236078430157506,12214.810524588844,9.380091354147451,0
6.868603219163003,4.541769048599798,5.796700887947232,1.0822723911906307,6634.857438636245,3.4288160259158134,2
6.926687395764359,7.007362205422085,6.827292067631384,4.057368305378225,8808.295500109467,5.621895922567069,1
6.687219563482518,5.701765658310661,6.800797487710809,3.140359869848047,4549.395444619271,4.659376245951597,1
6.473109948237029,6.5456890945693615,4.225355534168642,2.803533416571903,7191.210853679489,5.104105984151714,1
8.265584264455212,8.190499679779066,3.7094518171390396,4.564513629430157,10769.658697264123,7.740453322416083,0
8.626712407426076,7.748461113955504,2.4024898053083583,6.422369861698508,12608.349495696368,8.978858050781795,0
7.2020139246596155,4.072689541657134,7.164357370116787,1.6668492534015795,5002.965267133716,5.532873355636312,2
8.235949270464435,4.291580835739293,2.222235902638012,3.7835896647986065,6482.035408058845,5.6181149667088555,1
5.7381468954089625,5.187605833849762,3.841010832093764,3.83019181186261,8850.597882592596,6.54147038318221,1
5.976040719355947,6.179383712366811,6.057018542388144,1.7779891049118133,3445.5361289393445,3.7965388589196953,2
7.476739453498061,6.169367103143543,3.5112025995249807,6.373658545162957,9793.827228058462,8.952874547202939,0
9.33237955557006,9.01437006501813,1.1591257686683547,3.7204230332642982,9062.772133456481,8.026091050210834,0
6.896959349890653,5.3576199449188096,5.767249363042792,4.93515404006023,8723.251533666395,5.942293791203073,1
7.9604290322780535,8.674819492166604,1.8772779784377014,5.3824097461840505,10249.678312319584,8.49245126400815,0
5.965323844122558,5.926709194377149,3.412339049537521,0.5019389825070606,7800.689447120593,6.7306864275055585,1
7.482741692605979,6.918451996385605,4.687141635072565,5.8816397569494505,9988.041038025074,9.479944138890026,0
3.7831032896598327,6.136051816246008,6.092265646591004,2.728334799748456,7360.60132483266,4.456688010730399,2
6.0575281464686945,6.835036606912542,6.760163414948668,2.7274552786381907,6989.101939635208,6.6001716397366605,1
4.190275164232716,4.725360405651027,5.819238895019506,2.162687567999014,6022.615113222712,4.9625028858001015,2
5.319965191145163,2.811667919384197,6.337226609138765,2.0887091062627343,7556.888139946066,2.8918875417411307,2
5.769031655442276,3.867133126032456,6.992340051959163,2.3190110115398515,6177.777623465565,2.2223190376297985,2
4.831615077527148,4.108785005019781,7.585549291593064,1.8768758184202499,4519.422410844809,2.2206010694927794,2
9.13568240361091,7.399576434261295,1.1334600486393838,6.007513689836922,8973.055261359994,8.79062559916277,0
4.228259185403218,3.9024457838185898,6.231198834030175,1.3587779279163668,4479.220257331606,4.770802219987971,2
7.18301374629543,8.708356447299353,3.243800713771199,4.435921369263272,8079.543401993658,8.872457328280145,0
4.3988734473311535,5.899099824306267,4.499854889816204,0.8041950828402846,5204.896093383129,4.025385277972272,2
6.897498872406078,7.28372574598062,3.200453707452038,0.6838561370311234,8787.021292953217,5.006164472441719,1
4.91291527385685,6.755849459305209,7.781134180538067,1.7377548320987817,2860.972824319322,4.393873218164743,2
7.535581240156222,8.588578404420609,4.669904504351406,5.394671529822981,8206.175406947223,8.44460266822014,0
7.963531186915602,8.243339449322692,2.7587639421436703,5.352055396514297,8122.690863714334,9.443764604073259,0
6.758548385966565,7.540580231824274,6.9424783772254335,3.5442203523403473,8768.704308844392,6.616875062909731,1
7.488830601848398,6.676910206592502,4.642015160136369,6.009817089342635,8967.774482233413,10.252435805344309,0
6.202144757649662,6.524775824446753,5.277763305244871,3.4254448641841724,7833.434783701281,7.534638975976072,1
4.429685932213534,3.0850701427645824,7.050854085523507,1.0476738114604078,6388.962651071925,3.908924139646973,2
4.852659773378494,5.656710507666685,7.374176418895108,2.3193825543514617,8738.27599790103,3.7248785717449535,2
5.364561477355457,3.683791828382459,5.073419445891229,3.1807033204031727,5737.168266341603,3.7709189690782905,2
5.429115360221401,6.831502347637933,4.09120876886166,4.7193779062072965,10488.773029752178,5.080012094659983,1
6.753194802065585,4.061816864162144,5.739260521739963,2.5497907603162306,4346.315405564546,3.1585504858709914,2
8.416897942703471,8.645215585950057,3.5556044660034485,5.089580681255248,9703.992369539012,7.848726716346488,0
7.498426353769786,9.812448557996928,3.7077519354554753,4.437533224105732,10948.611608583282,8.97255444962673,0
6.153780893129289,6.952582160572579,4.55393588113534,2.753616597485452,8979.564758858905,5.145632127289293,1
6.379743631782502,5.6079645441763635,3.436133457994136,1.82776624656336,8196.554795319862,5.339337681949814,1
7.150085177482496,8.428307097207648,2.812855734995451,5.985729995679863,11781.079077347127,10.589563642018614,0
4.271040749966838,4.273182842781031,7.2704423207551665,1.3481054808725248,2785.606183997331,5.805574432686815,2
8.77556576042139,8.427194361871685,2.353772690156197,6.775310892609512,8209.54475236528,8.919154173610002,0
8.960331126355541,7.343105721028604,1.9530890173180604,5.536652752527286,11778.556231994495,8.718953310665066,0
5.91987151595443,5.722707888107879,6.1086836914275,1.5070852335608453,3439.70193356679,4.698815670280476,2
4.885209708489089,6.174076495151258,6.189763532328016,2.8779428678787227,6813.227420726266,5.808765321424912,1
5.920807734605913,5.765531578587571,4.322075942132184,2.2106614942803255,7489.432521779168,5.741268505718373,1
6.927853869076728,7.474776602986874,4.044038379456808,3.458386703551484,4369.459472096897,5.29845872321136,1
7.497513372427775,5.925595188760762,6.4271739155871295,2.6334929796319484,4944.192619759922,4.890640814244534,1
4.027235483239999,4.9879464410672085,6.741056298563748,2.5109417119042408,4904.639691220817,2.549072108888776,2
4.730048103174836,2.647858868177104,9.391266934306017,2.0828305231593403,7146.728176642611,3.7399637498195553,2
6.582750503446485,8.450491248172494,5.416037692947014,2.9777210208162868,7983.123466150479,5.986689595261677,1
7.496589285045769,9.5337277099165,2.464198536947702,3.2926420424070533,8325.21334007701,9.235811620006938,0
6.193746248309625,5.8515252644701965,4.403480459578094,1.8159694417774406,6900.151406803295,6.323153703096881,1
7.808053115622016,7.574032139127193,3.3617876098569006,2.746323922457619,6982.252941825305,6.587105442091593,1
8.325321469231074,5.258829987679564,2.6974396287014604,1.1199899660922363,8569.068043291996,3.7402197503296994,1
5.7207025230269055,6.84411350014477,3.038945326653554,1.4021278655051623,6554.962530699158,6.878346603011815,1
4.837750544115043,5.615642634556029,7.465067233706801,3.360647891435795,6204.759592552599,5.9625558132731,1
8.036294001715408,4.532525976533323,5.1068806248663385,1.7064923747959042,6456.457684204404,4.89824761990011,1
6.079001714786063,7.666005333850137,4.422467282430705,3.3829889847409285,7711.885710131195,3.443320224231359,1
3.7738206421873164,7.135975265974745,8.151219016831195,1.9986286770647488,6634.304874614961,6.3654077719999735,2
7.978875394432858,8.280161158819606,2.1903964800783537,5.424061044464089,9289.240979393626,7.985547729121721,0
5.962011523194931,6.267925003104313,2.3866674610470873,2.453958201183279,5861.818199477149,6.162406017470749,1
8.982135193978634,6.790358981308795,4.672572386837704,5.419019009366045,8942.482216362387,7.944230922342294,0
5.11339439196669,5.050792802009149,6.717696341840768,1.9171305172753754,4679.187248668041,4.970316201788282,2
7.460063165141489,5.409717062992554,2.185170940937189,3.619711445966136,6546.956416761556,4.572400009091567,1
7.844073375717855,9.133770096867064,3.5935567222808618,2.0596113653357198,10983.851164794642,8.194736194718775,0
7.982906164521251,7.252788320852177,0.5757597397270584,5.884045396361049,11105.26584563865,7.718672442881787,0
5.997059356453642,5.852820107226583,5.30522521417216,1.3409305042870767,6786.636024719288,3.853146478744699,2
7.08501903414347,8.108559705776523,2.9667700093555394,4.79188314272746,9807.193732841604,6.118150954502361,0
5.1168301741721836,2.9572907990927666,8.320098944436014,0.8529553408572685,5495.1706857064155,3.1859893307084444,2
4.375489544911423,5.3963770081256515,7.047237343392994,2.55205894106929,6631.565639236799,4.691618575121389,2
5.590744335510326,4.235863522494205,7.095473592244777,1.7025767907812093,2783.581389620833,4.257600857398129,2
8.090616328430212,6.561722021682633,3.9192289345752034,4.331855914461006,12809.946664326319,9.08004806571465,0
7.916440625170023,7.83117827680999,3.070052163113181,6.161878302608191,8608.970298714139,8.238368982734785,0
3.755457499915277,4.779441704912278,6.087990785594014,1.1884162186340688,2989.8918933140976,4.432216690759254,2
8.188491646486852,8.770865193886968,1.5214137542201585,6.143754043206929,10507.744611241622,7.584712086099199,0
6.0841982440435425,4.752363648266394,7.29759027576623,1.9926541172918888,4223.36382916667,4.217802339748726,2
5.267843637866333,3.5117580352489806,6.222621041708196,3.06022087234963,6240.673142848652,4.157974312251452,2
8.378590099658837,7.927171087343127,2.153206281931595,3.4851527753141354,9330.227571899468,8.856398794323471,0
7.1471354155141755,5.2986536497794745,3.8759634658658335,2.778463402416262,5734.556830845047,8.184652689530179,1
5.555941451645842,2.2140666551872337,6.349189805531216,3.3777240782465556,3849.3988168995493,3.3961617025068134,2
6.559153812677809,7.457326200265978,2.212216248091761,4.379152401748884,9747.784272122815,7.527909422302873,0
8.255339608335344,9.340450446023144,1.1248275303542554,5.115026079147417,9759.800806650039,8.671340076450466,0
6.725605013174665,8.440474737960399,2.980362201073319,5.5524899544171475,10335.871201096992,9.364140429973844,0
5.577334077435404,3.9751867834671475,2.3091612531981647,1.6445524968877108,6436.468563554265,8.343910965031881,1
7.625839038950486,8.346503881730715,2.953079421120816,5.477040827223122,10115.232836590383,6.71700777581143,0
5.976431377198068,3.141421031140792,5.351625617907709,2.5499414041012036,4867.183678125481,3.5461085838468716,2
8.207778001377186,7.095683374895591,3.638592458777374,3.33847993773104,9900.880302029025,6.788983800237544,0
6.520963802219229,5.635722809680902,4.878623993505967,-0.17042573587805565,7815.901258946463,5.413828703867568,1
5.976881289339539,6.032776055821726,4.928943946183346,1.4178232366538728,6089.40162527347,5.327086911624168,1
4.804301468853098,5.772107687890399,6.922715607213031,2.4024722948989976,4521.8775271308,2.9701881514581547,2
8.187028729432598,6.444104353796373,3.330880232214457,5.833528961608924,7009.396536142816,8.374056569847571,0
4.778218596283865,5.663243162889665,6.052896166650163,2.0420210945722532,3866.0739399621193,4.360441676292773,2
7.510584727275772,7.962963202951588,2.5706977754827403,4.307579020126144,7890.52380449225,7.9168944273713056,0
6.9913704184169045,4.9714962126578595,9.385605352860459,1.544681441061973,3804.329650662529,4.040924748728923,2
7.085993682223842,6.346468395390028,2.517668845657556,2.0399537047205363,7315.936599606413,6.112046849131982,1
5.732829081821745,2.970921457107846,8.572723976575888,2.3902198568674704,3898.6500170434433,3.8584703626621524,2
8.59663447282398,4.665639569071004,7.1962658581286565,3.996858773465808,7920.954606735205,8.110344581034159,1
6.225960639313788,6.204556525195885,3.5559011520730817,2.7933887203039536,8415.324254383833,6.188367553162121,1
3.802033570782738,5.564495731735544,7.430161168573879,1.8822357770515221,5847.263537900184,5.635797806135815,2
5.980138491602051,6.101001876222836,5.019242965315527,3.4798270353668332,7097.031370035386,3.7963682594755235,1
7.616660609723768,7.8143410233361825,1.8936650259939718,3.803793375919329,11218.788733591296,9.356240028570824,0
5.084466786389948,3.216894607493904,8.434442503137019,3.8597386446822544,4974.490888274254,4.505021088273767,2
6.358580669507374,4.141658041363504,4.263269379286843,2.715124506630329,7115.73037125693,5.710203064955065,1
8.440041679219641,7.031655545136365,3.10537550614596,3.6659745050817953,9097.948534073179,8.319781934142537,0
7.984787033677849,6.997470635362191,2.98148686400761,4.711341361079862,10484.077840507134,7.172769056447677,0
4.942958833147058,5.920784931836267,7.51273782093245,1.9519699666491483,4097.083337097234,3.366768603285023,2
6.6533096371785305,5.247704817466914,7.359786618773945,2.389047994680177,3502.338720684923,5.623256690528054,2
8.463706538570861,8.325796316582167,3.194384301577336,4.6468337071893115,10507.725765192537,7.704598589860971,0
4.438157900648301,5.075233144115307,3.0627744154388323,4.039207766974178,5796.539142341315,4.148876803917691,2
4.1493867470480525,3.850791761060521,8.133498758116472,1.822489382966185,2975.340395928153,5.768169293059783,2
6.022420570623141,3.1316347590366744,4.381668882463295,3.9134737320174064,8306.444854424819,6.513823497372691,1
5.579346759756776,6.1944322542518995,6.057784391246233,2.079147029623107,5507.53616290394,3.007421993271177,2
4.727589983396313,5.980469134003432,5.792357228454237,2.1507806088144825,4014.9659815588802,3.7396909587285623,2
8.045319939917686,8.52969275435673,2.929501221940909,5.486501643826202,10096.71162221518,6.024533433646129,0
7.774135998626307,6.023212884974106,3.216554870697557,2.9501198458718823,5930.818372406244,6.56808889885496,1
6.732717646072005,3.605361863457914,3.3181343898584124,3.9294099847908157,7301.795116647679,5.371522436674294,1
6.445501259865638,6.436764757023286,8.139796898314916,1.4881165804367864,9239.071564950784,7.1677218732180865,1
5.3690164378251675,4.649142833821021,8.404084251904024,2.6215493623452133,5045.714620880944,3.102746993838743,2
1.7789836440142865,4.974718601715531,7.051407721300333,0.6553036326095036,5464.590168704003,4.475751991831532,2
6.732757891471588,7.149407557329921,3.813677312458152,3.034008096228147,5452.467306860047,6.841793738309657,1
6.48892980312461,5.172326671122992,4.260315766400342,4.443632003468814,5615.239658581116,6.975846224097573,1
3.669294868669074,1.8864387213663747,5.950878189815069,2.129358821363802,5154.287866898501,4.149341911059881,2
5.418759960127496,4.764700245284833,5.0935724183615765,1.6971362054294765,6348.003740508761,4.037696573123923,2
7.142288790411515,5.078649516505393,3.436559804157668,5.903934841086195,6455.601346687243,6.990269295290062,0
6.753086657228915,4.937701576650933,5.271594114156623,4.303278037316064,8379.248700589174,5.505103418140224,1
9.381571080986724,7.600363814385398,3.224684725751886,5.93259083187309,7872.451400600452,6.239191188019224,0
6.409215483294287,6.2658701683490525,6.852127871067193,1.968044757905565,8393.236346458885,5.2921262922445305,1
7.0431450320474225,5.83560541266905,4.22090544226081,2.65909212265392,8142.475038562856,6.09258779546126,1
3.0354639618970753,2.7226251304539413,6.996446625800788,1.565114483125558,7988.054953938963,5.833896546024375,2
4.58948151727027,6.68267823864039,8.765777444776509,2.1093973179193846,1543.68209608405,3.6389907767474305,2
4.682239105982604,4.639894214414957,8.607273903371558,0.7947727758476806,2051.6661627852422,3.4128847293798525,2
4.106253980916286,4.034442037311058,6.735799744673533,-0.31961110389478575,7507.021363156215,3.0986243201028256,2
7.803150009496041,7.156753404683808,5.170942717497814,4.824114187567663,10184.807210176728,8.551485376040468,0
6.811182983481747,6.301768330728614,4.7085963020322215,2.244208499841637,9073.060689624845,7.986488535705954,1
6.137090889926654,8.071471854762759,3.6690058117163433,3.771796177235661,8034.379183059125,7.513823103042619,1
7.299505397292194,6.6172002690356635,3.9261775475316414,6.9094166404701305,7902.148639271289,8.56296923669057,0
9.04139303151904,9.561511196726853,3.0320041490657665,4.246582129653817,10689.958214408674,7.322284630247894,0
7.296465211201624,8.043807131901644,2.5429564138459746,1.2136245346453134,6566.947791668428,6.6992850998086375,1
7.869546428844989,7.255097355193551,2.3248217250256182,4.8554813292844825,8811.370118500057,7.69203847036096,0
8.497447969773757,6.429775280109544,2.2728628241751316,4.752481364448495,9888.34985634993,8.620672097550678,0
4.164310994979964,5.816664229927726,8.30078111924161,1.6021165028687254,5864.677017683634,2.4914440317871436,2
6.2025136941770675,5.125846053983588,5.479287006174433,4.653617268492285,7709.830849258691,7.195341857893355,1
3.7723200355439426,3.7904663887563532,7.537516766614004,1.0427536571066507,2759.7353326202847,1.8760524172993351,2
8.06825451405202,7.191734278359074,2.1695555934434347,5.522514105265757,10627.597331333025,9.40159859294643,0
5.1494560896633095,5.424900251542545,10.57257029759882,2.6617888861259384,6739.759949582516,3.4940338010121446,2
7.010928134914482,7.26974199010458,5.551429760314567,3.1480894197982763,6178.397495008062,5.145335083621139,1
4.145506537261946,4.016320958355934,7.408355087991082,1.9541836713423182,5822.100387060756,2.660510633471341,2
5.972056965739722,4.484034437545637,6.100266965020226,0.7529704039809266,6229.05990220911,4.423889482443986,2
8.580076629478398,8.516178287114958,2.3585184047770476,5.431922544673941,11200.614287841523,8.754291329813574,0
7.045641652570096,7.784695386403113,4.129920137944936,3.239404500535377,8249.527665454401,6.56640272510313,1
7.914375712036354,6.964757677580626,2.4463506946528177,3.8021221074111518,12947.087699374584,8.03526355197173,0
3.9741318940305237,4.574797619542948,7.160754872889394,1.1371898069083222,4737.058205143981,4.399317601719131,2
7.663850546323314,7.718215391139493,1.655549488965723,4.081348053515802,8493.788849871898,7.232202434895871,0
7.449387696141865,7.723602486847174,4.642834345531919,3.046002747253274,6143.078437509351,7.407308214320934,1
6.482159773025558,5.173337348909513,5.307138323602676,3.765878279480615,5076.169818884291,6.359577225404818,1
4.254057873524399,3.70615026898165,8.130129195253646,1.5083689730471241,3715.477222578194,3.388366263305441,2
9.751842346574138,7.191701714644848,2.160278157819224,4.400607354555978,6814.156413535289,7.474244978319239,0
8.231334915126254,10.455300139910895,2.362260015748684,4.469003044998182,9065.289210362853,7.444522880839745,0
5.655928505458644,6.151521283480882,3.5230178227291065,2.2074765528847875,6864.602127407734,4.361259114971821,1
8.70950991207784,7.579238206318947,0.3957861433728658,5.198948146796495,10655.107827600264,8.404294754961697,0
9.618884975383711,8.006799844559998,2.8099609649985053,4.642554577189573,9729.412477356389,9.37284847467653,0
7.972252090090575,8.23421473253652,4.550500492814077,4.001645959261209,11476.483597714876,7.786011155774491,0
4.742699999382211,5.798534775591769,6.806448827305324,1.3186702605324854,3861.543951644983,3.021259163690234,2
5.537412002820381,5.270761482013411,4.458616156007383,2.8052852328261024,4145.451555611403,3.642172066558733,2
8.75964330835306,6.5151020315500965,0.4460788650980452,5.934319911239274,7949.681952376868,7.775234598107317,0
6.351323398245802,6.371998779798666,4.915117266650157,4.218970789793663,4573.347203942063,6.172305523806192,1
8.495323408804158,10.057495469711698,3.020793707675408,4.271997058770865,9725.65533834274,9.374876419148185,0
4.690933763261739,4.985788090569922,6.9473552998231085,1.3168536732319551,6935.6911120645245,4.055199242530089,2
6.359548843600628,6.802385765709488,5.147101309308417,4.295871781863014,6421.751418586904,6.894006375452737,1
8.032735340316577,6.997812544218528,3.7408243454201258,4.486786433528414,9657.100126989972,7.005650625391488,0
3.366077040940713,3.990202382969234,7.753749544193935,1.287400909158189,2859.7601348279863,4.069337161715348,2
5.766943264741264,4.995695155444464,4.7894374116419955,3.307612668189196,6713.149479349424,7.622643214640573,1
6.514413497635557,6.567156415012087,2.9497124550787603,3.5925672738473304,3443.412552595837,5.244138537163428,1
7.009859746418458,7.9395600512663,2.910896791749505,2.9654493760460365,5074.929937577979,5.72474120177344,1
7.397486284984376,8.784048866420711,5.294197188535861,2.095931710264,5176.559212419787,6.309571177465417,1
6.117883533916796,4.493837553631926,4.8085179777227145,2.43939236315269,3105.826964996598,8.463566429401995,1
2.6156932112142544,5.394181037141781,7.201249623993765,2.34267364052858,3932.806708874443,3.6155431210229083,2
6.976023572668452,5.331092336270014,4.380503266784849,2.073301691152689,7452.8412444378355,4.981885638971022,1
6.7646810436924625,7.741201725757604,6.319125561706105,1.9226239230152418,9564.744675029306,6.375758568015787,1
6.349390931930955,7.431735535021233,6.532273089172795,3.9189148546583294,6810.514841590504,4.704189062662215,1
5.785769987606493,6.616337357077316,5.052070623128842,1.0314957865619463,8482.463376332535,6.972958374710052,1
4.814075519051229,2.5807262853668265,10.415629747079958,1.012390401262083,3452.0505742292307,3.5597407956135996,2
8.63995352155364,6.383689391563412,1.946317580853646,3.932197078420807,11425.461387960364,9.710613372581925,0
9.715155271460262,8.633919022318011,0.9748574133423928,5.186454314769428,9007.320302847418,8.852433334796224,0
8.500533878212005,7.142842443583717,1.9291075019388877,5.482472415243185,9664.805822011223,8.714000494092092,0
8.192602543590855,10.601683114180394,3.5655096456315443,3.239237240844182,11130.012431656798,8.381158384882777,0
7.186760893325332,5.718455316051103,5.0573569924400426,1.5514085853664559,7050.485027989819,5.939754459549906,1
8.213640212695408,8.889630795623438,3.082283989275424,6.065480375065351,9224.067324849442,9.40934744018558,0
3.7105194127903127,4.57013937684678,8.368930483810662,2.3373735464024774,4910.5185320117125,2.2983341417125835,2
6.040430892644839,2.1539414756180606,6.446590841452807,2.1710470351528506,3623.035843083896,5.731169631767299,2
7.273580739583031,6.587696298664708,4.465648768921554,4.774223699513464,10101.292307031887,6.575251813786544,0
4.885197751240936,5.180126071421015,6.013941169007913,1.9608279753132398,6067.115869198243,7.1129102010438405,2
6.356725371987075,6.474983737315108,6.0392836337267175,3.73463754545933,6021.29428699826,5.659013882485444,1
4.7011799109707955,4.070106746510991,6.171608121831087,1.1222850802969488,8437.86690022803,5.867462004161351,2
6.289872383747066,5.596335665506636,6.440457194422206,3.462483624066854,5730.946317551074,6.206705263693245,1
4.861487755392775,3.991331949213177,6.542216731778872,2.8375294355905116,4497.13387719796,2.6589352866984313,2
6.6010513595865605,5.437042974947509,3.5107009983716817,1.5547947355877745,8499.404508065285,6.693574228367469,1
5.5053371476473485,5.133407219898705,4.150494578711678,1.8973892156129353,2924.9888345425843,4.901728697140274,2
6.908633670822076,7.236696702748869,4.013248169221795,3.854525227066616,5862.09914940703,7.068297001003811,1
4.28869677305052,4.640549059379822,7.354335469396349,1.2486755441834547,4423.418935110618,3.794233006322828,2
7.021217593071604,4.63477719549022,4.697762699078723,2.993478684770542,8398.191584342865,6.802008586461697,1
6.346571662610296,6.232404382999486,7.437068477223919,2.0257480696294716,6309.225624767501,4.732080951433023,2
8.60559089331628,7.077834675822374,3.86960592010566,6.3556378588049505,10620.15235483555,9.876795812558067,0
6.809106123078449,7.005317065855907,3.9811540202105675,0.08574401018305888,8284.83477860555,4.535615172067229,1
7.47846645367626,5.689374719556202,5.528757452535319,2.4296486335863197,4769.095049177224,6.324068830069707,1
3.748800863366322,2.660978067804404,9.369156837542288,1.510592288396332,6703.921768915733,3.846002334802168,2
4.531503886639684,3.58948169047755,9.026278496048509,1.4770566874900648,3790.434606322925,4.075694940005094,2
5.092055137311992,5.071488424065199,10.794891623877929,1.2051255968548416,3319.3731215954163,3.245133803428079,2
3.8210765087016747,4.236396657178847,7.914289067812902,0.7557010129270061,5301.267639673564,4.100791072644807,2
5.7978507013821385,2.25187043525446,7.968835630413839,1.1207641987561017,6878.42549293496,4.161299542662695,2
8.095664294731323,7.026931059118445,4.196571501664492,4.84147042697303,9959.043190735103,7.066732040926804,0
4.123302914380707,5.29255194282186,6.421760138631463,0.34289825652947403,6751.612888291668,3.22495503698376,2
5.875074897495109,5.688239831078985,7.397807168144512,3.802128458618119,8793.335267830465,4.300527533048825,1
5.746611364602157,4.8906933801444845,10.413738141471455,1.3182202856021408,5777.1525530449635,3.470798990188487,2
4.634759022510154,2.494596273007122,10.053810302772689,2.375182462518774,4262.064642695776,5.328056888986968,2
6.629492376727298,9.353872374165412,2.885460154747382,6.237816311973462,7608.358511808449,7.400624977046228,0
8.004194959774546,8.046980593764742,2.5499345285207564,5.622849932347499,8398.569355926109,7.857620514978707,0
3.3114948119315,3.1559430930361536,8.006366872415313,2.4830324162223154,4412.1848519197,2.982235690923047,2
7.91101915092104,7.09609235853521,2.264470057410233,6.236093175210438,11636.965180891404,8.609138120907177,0
7.9713391687120385,9.564643655814006,0.38025489591025563,5.821902504375224,10130.570602357257,7.7009926495341325,0
7.408496117746355,4.672447785106039,3.7632287577084895,2.3914102767602996,6706.533437903977,4.732130828687697,1
3.745839013004396,3.8339799581470686,4.896446074864263,3.6728754181859817,4966.34592202914,3.9420494582372823,2
8.17055730259015,7.248030668261181,2.680946064333382,4.203974143196511,11614.010707897898,8.021311648671942,0
6.5607642143328695,6.8912189020316665,5.7233734290209854,1.7623375776727022,8803.73409658391,7.06474900472009,1
6.673346495171429,5.635979919027439,4.671700622396561,3.7662429750405098,5939.709420276153,8.33423408913232,1
5.784146416353498,3.42236732841065,5.8509321963994,1.630986359601354,1620.8099079029912,4.335968173440577,2
5.26575742540568,5.807242656569406,4.273739073126895,2.033753680246746,7236.932316151964,6.589806776696141,1
5.94680756651187,4.56600352324005,7.6336524593521595,1.6270491104430216,4449.194098682377,4.287563905167328,2
4.849277478016436,5.619179409308958,6.411772799629954,3.1918977358730363,10422.51396718472,7.230130983098128,1
5.745360724077876,4.612228195726332,6.755944447646362,1.3030455759938953,5108.229855232642,4.738237230816162,2
6.132727751824807,5.166479557004227,3.2684559976505234,1.2481711932482809,6915.114440160832,6.1896641879041585,1
7.507386591829439,7.375729044480873,3.539931742959448,4.00713333647316,8004.217444539343,5.727028488055911,1
3.0367108521610255,5.052989838484638,8.57259983172031,1.9351463156516664,7616.875805112873,4.8598335614674575,2
6.904471393468699,7.786935729993948,8.407174618134194,2.595602576816039,8237.1441790803,6.683712428638376,1
6.625702335192753,6.211427787003231,3.9997269245726548,3.1979166673420756,6588.791568569539,5.514765608771973,1
9.650019935394516,6.932467085745727,3.0242194566727583,6.412220555415429,9880.537913131428,8.452371796249734,0
8.098299434071258,4.190189834362279,7.765186541875112,1.4805081443088952,5442.848862560904,3.7617663249443827,2
7.7080378163656915,7.160790332660993,1.9551908059789664,3.0336434106239984,13084.310694910484,6.896791634278317,0
6.95168474071488,4.776402793569462,4.964671773688643,2.8256457420971643,7837.961883061413,5.55656768539997,1
8.193569817252827,6.086719755342202,1.2750821674869672,4.437712470759028,8480.753319498364,8.314247332595274,0
8.167090876003805,6.040329876120224,1.6718139511015695,5.1968612358691235,11107.699869993115,8.17136828118997,0
8.826036963473326,9.126705136827583,1.9090335697848018,4.589185712045415,8341.442997271097,7.785078969711265,0
5.280045342697404,1.2905194462150313,4.373536638392158,1.8580064929805735,5123.662649952264,3.630681229841811,2
6.615910266477513,6.028683651941947,4.472878646429401,4.563413358832108,6272.357001086998,7.838841269613739,1
6.023572051852913,7.080639692797909,7.5491539745130645,2.5982049730583663,8522.043489862957,4.61556926239217,1
8.310862883624772,10.492999517432791,2.993929088460107,5.838490774451642,10122.744037821347,7.901110346808857,0
6.551245266427729,5.558743791119059,5.85761820244567,1.7551888365140729,5218.140826108639,3.2962896006685667,2
8.926876463205923,7.179317681648289,3.9633761292443217,5.412780926936498,11233.090239991736,9.896792982653947,0
6.299987372262134,5.652366201704002,4.3087122001758456,2.8665161701285875,2242.222065091894,4.898117324122348,2
7.351313991031729,6.742422141085384,2.7659801408930185,5.466358374446335,11481.001774883653,7.9240489763574775,0
6.534482101794515,5.846849062443791,6.310353076254286,2.4347126622974478,5004.72159035949,5.229990368438683,2
6.31495924565624,5.308296508398187,7.206552036225656,2.300504779832357,5944.400889645006,6.798442722039396,1
7.031762196266488,5.336494995159238,6.502737280522906,2.502429161614793,6326.9947612334445,5.088356259023655,1
6.026115235478358,6.148257235146699,7.93123615062543,2.4942532957380634,5911.638619415099,7.777996082955118,1
6.581987713726566,5.420606891031698,2.3282623783015497,0.769531980875541,7840.026372741896,5.3261307044032495,1
7.446794933511942,4.586350959148343,7.500836167326705,4.523238621712258,8603.43299586862,8.138158690525271,1
3.8090834940262734,5.3144736831353026,5.606295489235363,1.0927838512520336,4479.8426348499315,3.41420727655131,2
8.71215872889983,9.035249334723753,1.1538121377619062,4.07048913980759,7755.206117364882,7.3499760655931015,0
8.410880085255773,7.467299160338088,1.830083164289712,2.1277377867183507,9958.727642424046,9.772251596669744,0
8.780158103825944,8.501094169939845,3.189581616598743,6.001046092567141,5945.151560501145,8.677875319530907,0
8.2003942802767,8.346448209496975,2.3199752784215093,5.232253697161004,10439.608709948021,7.285648581973632,0
7.788388126951512,5.9961376355932465,3.6354180302092263,3.7607416051465274,10089.898945399493,8.277376937958191,0
6.0985726457507745,4.353041342539079,5.484461755426502,2.9389960281446164,8250.360704154855,5.359679632273,1
9.268813452916282,6.7621845011731505,5.133033374656266,3.047912200477498,9772.322357446625,8.588317206484577,0
7.044859994880755,8.142943094763707,4.732514999485092,7.231300146192632,10957.076652161135,8.500844474944458,0
8.658536467169531,8.073317967188403,1.7100391002589461,3.704921227936384,9496.322951064807,9.669021525289393,0
4.8277576809174745,5.795690103844914,4.601593159570842,2.6001217613316285,7328.038746740412,6.317121925974764,1
7.9902025817224684,7.102745628514168,3.0758045581937266,4.322838288487889,11462.679600126627,7.8529426184978615,0
5.115038957244059,7.793925872943883,5.061988448405928,3.443002130447375,8927.324655861064,4.77460505092764,1
8.153639293192025,7.690883535797498,3.1335409047822824,4.8475301636194565,11062.163015032886,8.956702316794583,0
8.246241415113648,6.289831607343374,1.651814577894287,5.743264094022715,10256.298157191914,7.8160166636473205,0
5.165403660299704,2.841578917569075,6.274574290666845,2.6734246198272102,3423.169955326246,1.4682306837491863,2
4.63432291746948,5.105124897646061,7.7821740985892935,3.0695752588447682,4876.61945049282,4.306450862963341,2
2.780222052548149,2.8203821943207767,6.625945562241278,1.0695658797723184,4379.864344045338,4.032396213683579,2
7.784474532444354,8.717542255795962,4.502357052096028,5.074094780419776,12442.923318356938,6.619898541785108,0
3.993072639054856,4.55739038374162,6.15370573020927,0.8047697653681996,6882.718682562356,3.5023274765709607,2
6.131064214372305,6.907877609895768,2.9082573967111074,4.053891552295883,5708.215590350947,6.34296394415368,1
6.906886698586754,5.483628816054429,2.773915002613497,2.791531789459592,9309.912232295872,4.167398572092423,1
5.678904633867286,7.47600068726298,3.552941861373928,4.628468554772322,7073.423025590236,7.90869848714142,1
4.771994273190282,2.8116270454752135,7.603402115801947,3.056796631632568,5162.021181469251,3.093351454845707,2
4.637652442453898,5.390186753268152,6.86204730069543,1.1344685050294936,4395.068312133592,4.0845269837843245,2
8.168837639629691,4.7822886081769775,4.457805849959021,3.4164460381014528,7419.142726491391,4.821235703547223,1
6.079296259283836,6.213300127521638,5.6007220797594925,3.1310651862158485,7383.8348089110095,4.565647483680906,1
8.441373189076419,6.5195517904328355,2.933573748868644,2.435225995829058,9032.074943144098,8.50613132744391,1
3.66343149968508,6.103988829310779,9.322958942536054,2.256173262359063,6831.942418527722,4.133958380580236,2
6.581574025434495,9.261921500713992,2.094267699137381,4.34623366135118,9106.508058934762,9.374438093170816,0
3.767568760836,5.642954364643403,9.533783400477517,3.3359382251237113,6835.923129719007,3.8023795322040344,2
7.792963149866318,9.598647170504718,3.560919447941239,4.704519681970839,11045.431606766104,7.66618051024399,0
5.627606297561831,4.16459104404416,6.762541782985505,1.8529168854726323,3731.4903432588308,3.9859010340933283,2
6.912005469052698,5.896872183103125,9.023768573333058,2.0195454721424273,5481.496345529034,5.002236166702925,2
6.422701063988089,5.50083968646317,3.581380908954828,3.6082461916849686,5524.302120080122,6.931233496612171,1
2.8952504942809854,6.950613492641677,7.232987498799102,2.3185178120980297,4913.138375184637,3.264883199275412,2
5.876725808498639,6.243883145503237,4.313550125993578,3.1856885804187387,9763.696520106827,6.726727479157575,1
3.812234760082473,4.023212096938366,7.801547347954575,2.0728748850047305,3722.6900303310217,4.0062731561844185,2
8.415477211392938,9.532738913002579,2.8912398515431423,5.401711722098941,11035.21598756667,7.5987795281141635,0
7.103786638454247,6.2393087831841205,5.709557423240323,2.354427927964605,5008.374876649241,6.603902477699406,1
8.934225649327846,8.254420843301213,3.337602662075202,4.588123033877532,9268.59066389126,7.5674418121803795,0
6.033881054924208,4.011047871250078,8.361943470440574,2.0987838473316756,4813.571334256346,3.788615770182031,2
6.8392534892147605,6.047336457888887,2.846135714197209,1.6841841835724929,7921.513875422709,3.4408852486141965,1
7.279503412281705,8.638391925608383,2.6713815242510153,5.603187431082343,9183.828996828712,7.837207093927706,0
4.246137886309039,4.9591842617729895,8.687398817954861,0.6057824208951672,5614.157795963379,3.7233282282808546,2
8.322984072269287,7.975804393609084,2.096298139269872,5.324359281721603,8231.440313260297,9.187679388461564,0
6.6401691351268095,9.582310803124091,5.551222498211457,2.686470313827602,8882.702252965879,6.5792254646510555,1
5.0161247879004724,4.671967566000005,6.2261420303014905,1.259686193885635,2366.843154033935,3.3048506419231276,2
6.991868187861936,7.383638591960523,2.624803619676063,4.682284903243766,11922.465692505653,8.557691060725125,0
6.944410117073799,4.897576186216687,4.373949779592373,2.704910085762094,8963.725079017064,7.102145332730896,1
5.548614027938297,7.264782925419452,5.85800941745071,2.2952715643891164,5193.622805326237,5.826114505102282,1
5.510058689421942,6.131290166199564,6.992961242372347,3.31318447386498,6590.24491767639,6.5470850342048434,1
5.618166280130861,6.817631412531537,5.612910961552651,2.692191528861116,6242.121302329153,4.935982893259851,1
4.978143252557876,5.348677648565132,9.212668546464784,1.8452578971350355,5327.583481316261,5.288863425206302,2
8.582103634909584,8.0519458858073,3.732640077215579,4.919283419891418,10117.952785474135,6.001799315467892,0
3.4205637012824015,3.5185297894337935,7.586813990856091,2.46542541650269,4975.665323606088,5.156833781036989,2
6.46574129495074,6.0696272817700745,6.272646323307927,0.7531106660153948,6589.949557852055,6.2535404307353675,1
7.541070394495811,7.453141058759607,2.9672467297840015,4.456575228866235,8930.731325984254,8.106430227691897,0
7.713327878383022,7.352458194364841,3.7441919714999368,4.818775826781897,9025.940442517862,9.321304032273012,0
7.866302628970871,8.2825799504883,2.751308873816453,6.607345576019993,10736.462427457376,8.734877786049818,0
6.8943891668115675,5.930978696393444,6.613015102935346,3.2106684652031108,7814.301345394191,4.690049793409077,1
5.083145157529527,6.5658508565018465,2.2532826824924745,1.7715561687342374,4386.6179863822,5.896716368650928,1
6.409497557987407,4.4409403638650105,5.349180114410245,2.2432360229840738,4215.11744253217,7.433510664616477,1
6.071731930387021,6.430144341851545,3.90356558642679,3.7579218499236196,8528.261608185307,8.218330599955694,1
6.694925778962172,4.6917499118406845,3.521690598918605,2.0302562803653257,7665.80297621091,5.2484216685803915,1
8.053592573779898,8.5159392177041,1.4374541431134573,4.470947322653705,11191.397019432741,6.745710576830751,0
6.475152853703278,4.908379899621799,3.595240437815606,2.3322204435311136,7938.28909248956,5.77520517791235,1
6.1855577943508795,7.201958190250272,7.090181791286647,3.7105491022977852,8144.011234202601,6.4555675780631585,1
8.848167925999103,10.759660038911077,3.392415967178767,4.491036374292501,9961.638531712008,6.230924095110882,0
6.109380926038765,6.759992191285486,5.033946279015304,1.5944369461437133,6022.510311274477,6.238416011456888,1
6.925604959057554,6.43399327349642,7.641782187301061,2.9996863273882255,5727.188811868798,6.539368695398768,1
6.809058654249248,5.754634534816654,7.633213547473235,4.573019725214857,6801.291646322756,5.818994746119966,1
8.733062139761985,8.346488475897992,3.9980101098596523,2.1037446218063107,13132.562057171092,7.860410371844826,0
9.8391184988954,7.637161439560341,2.5544974785992283,6.453384477117701,12369.35821859607,7.477139972846731,0
6.116681275067522,4.7785135655142446,7.748324792152319,1.7262810790982088,5292.615388133903,4.537478704606428,2
7.648069919377789,5.583237253250589,7.179913214063816,2.921769340941482,4737.153340563214,7.070481119678065,1
7.724156159090681,6.7979125947620895,3.61315382843285,1.4024008304045679,7009.474023585343,5.743851864779474,1
7.897665926815387,7.0444595593995745,1.3935536797424275,5.203463635867223,8865.473882073546,6.577746290402326,0
7.049082844011626,4.993328791169116,5.101757770875406,0.9800726678438636,9662.917508702834,5.385150911187968,1
5.36039339501808,5.105145424061127,7.436447095206164,1.5943930725839555,4229.149060026735,2.801048602006124,2
7.181974914746361,4.524979682639501,7.178176548773841,3.0141492649657584,6605.382888046681,5.640981873087078,1
8.221352639464016,8.827183249036024,3.013001891877907,6.453534077157316,9603.014750143066,10.720169166589619,0
6.853045721359397,5.120212563468004,5.34349458868901,1.1420985486017128,8404.87125085709,6.357790159188631,1
8.166706246358043,5.958265131575709,2.7528226174794033,4.318015752002202,8497.569985157626,7.718899707114045,0
6.779474948343924,9.262584103427182,2.4481418541075533,7.558199285668252,9153.628602013918,8.184551303197036,0
7.561020073807231,8.092844901141115,3.1598563919974003,3.9723248590740416,11898.56176129705,7.1338251517855,0
6.236441770922327,6.878244845145955,5.502587043626177,3.316155957182778,8203.90138471279,4.157313452151473,1
8.492616919816914,9.203884437168817,2.8605537243190007,4.549810735148588,10000.791938284896,8.601206748929116,0
6.4851082664369715,8.213293707372939,3.0012054753622244,4.182911368931809,10988.868502648607,8.937570137626558,0
8.885664535429578,7.879618836046402,0.8273304539859638,5.847421677150422,9197.007721069116,7.909466717695839,0
6.711028809190788,5.128752614492082,6.400150014836025,1.4038657837461197,4842.548438654564,4.612790741583289,2
8.506225492885028,10.270692857804395,3.181866255058495,5.248220586300336,9310.958650689634,7.150155630535208,0
6.779840019654326,4.795134483789588,4.85680362936639,1.2237536665335482,7379.100376054858,5.00033273159909,1
5.01222354841517,3.0640012892587247,6.601659231222188,3.0960814828882968,6798.949359382378,3.9677231058973823,2
4.626631574996916,3.899762619484805,6.745221463483404,3.309391969464512,4725.048935710704,3.980205655479292,2
6.634412272426022,7.134253841533781,5.751247386506318,2.12152619865794,8613.68837038893,5.234894949508844,1
4.512366579045037,2.7764953620862585,8.040884849786888,2.5732714718077214,2404.6059042734823,5.333885745500573,2
7.453365997685652,5.899538448180945,3.320680807425247,2.606470144030271,7768.042075215713,7.47505774115646,1
4.260971341976767,5.282796405812016,9.140958046433825,1.6644521978731595,6134.732531474147,2.0859399294125325,2
5.043131144564403,5.282798780094171,5.5553178349126116,3.58431416643531,7349.286419142442,5.931131156398149,1
5.911839172189403,7.987449902468755,4.6354082016787,3.002287936143504,9105.547740344895,7.5262709063263875,1
7.281268262921314,8.491919171506506,1.6797667929793578,6.831458765854354,11769.16018108193,7.530824347895296,0
5.967662161496431,6.86628418252577,3.095002103909186,3.668840130546218,8507.916911721746,6.4610424864070755,1
5.258790200752856,6.794462201710168,6.782895234630512,4.849362141386381,8764.65799848486,7.395406293041983,1
6.656385385242633,5.881385758512833,5.653963084250069,0.4677539147803147,8523.104235093946,6.151413484394361,1
4.933551024690544,4.0703046645848175,8.840910733121895,1.031871597615292,5657.868936381508,2.629973372635571,2
4.119988018309236,4.823017104306192,6.676319310507671,1.0577908336069135,7204.676388181244,3.377729777106004,2
9.28977650260434,8.896839315865531,2.7314693520941677,4.1088077745847125,6772.276898006043,7.28084668075758,0
7.702234579143157,9.088748619704186,4.884586305934609,6.543243528272189,9266.725867320589,6.880382566710988,0
4.98210502299165,3.3283199416034432,6.932118547053495,1.0135189559881157,7086.458537002101,2.644029655140036,2
5.043828799460428,5.646963294134977,6.273612472103755,1.9632569370078714,4975.14738526622,4.6833245115160915,2
7.753572572651407,8.77966053226934,4.310308746119608,6.395683810789956,9156.747960132547,7.790778126255472,0
5.69822638485862,5.097077715176358,2.7998222140764844,2.4985978531143633,8962.968687716968,6.618753706132748,1
7.248531684944997,7.855912444278385,1.7903052571588924,5.599928729996204,12296.126248515546,9.218761851697316,0
8.556430206052623,8.849102110743145,2.7060330523358176,4.928400748141933,7723.189379978786,7.642970799193391,0
9.062555313479246,8.55623000940066,3.4558877720816077,7.165002344901084,9034.722654429785,8.927840128081238,0
6.1815677164191465,7.31238486337515,8.306119966882605,2.759050477177296,5196.035036696573,3.858474246633052,2
7.11456577330539,6.258475806547546,5.762402959511885,6.926237706436327,4373.830590752117,8.069635979713329,1
5.4131407877940205,4.704316414468982,1.9673020400570786,2.898719281298467,6602.34362912843,4.8400945308176215,1
8.566571538605245,8.233216131263502,3.953136633913245,5.287124165201824,9081.343938039343,8.361503525206102,0
5.8331577666294345,3.7437008459946766,8.296372577047954,-0.16603508430494207,3920.0157001670914,3.0759371926589347,2
4.314325082409869,5.4843580494107576,5.573569925358292,2.55674568075268,4225.0787018598385,2.976746776624416,2
5.966248732177996,5.120437321051489,6.644104861216098,3.42532130833011,5182.593979984862,5.352833982644076,1
4.871453706748043,3.717989853412301,3.7084262952699634,3.2795767520910317,6054.713813330006,4.533207317899312,2
4.827154325185889,3.977082603635257,7.663475302246728,1.399416314395521,3272.0036786312853,4.1090829703498315,2
9.2336879620543,10.006092888159124,5.061503576636397,6.208366230593143,11536.093788717193,8.592526949201183,0
6.436489260475438,5.639440861535156,3.4915979364658014,3.3601641839457668,6693.531363330275,6.786484595820284,1
7.266708655873634,6.061993172221296,5.343612032308554,4.074318012715562,7836.509485167124,7.0848210657135775,1
7.228061231535916,8.686051459998438,4.058424486849588,3.2412605135768855,8225.112231001338,5.9607678222399,0
8.960971137731155,7.591924626978448,0.9618754648221461,3.9919136890825957,7193.812118461216,7.648486515958691,0
6.3274658899618945,4.95244669145556,6.3221112933853565,3.7211353625455814,6125.588849154413,7.626531361326595,1
8.0465669747568,6.857029702169377,3.3577873603482833,5.560784526368234,11624.576864762916,9.053802052034904,0
4.496430381092282,4.319263182444081,5.850818754083994,1.0975499561538449,5464.842169070952,2.726414451403401,2
6.1363618250052445,5.737616067077957,4.862900663736328,2.919121502134539,7578.387735746225,4.727273920324079,1
7.105430943989585,6.734962552816323,3.4749753071352543,2.7559195263257985,7441.0390685585535,5.838603858717921,1
5.94258254525634,6.698431880501673,5.390663395000334,2.461158143807262,5987.167973885687,3.6448491699929053,1
7.818816886478778,8.367365506816178,3.9135846262332494,4.196821049319655,12239.032853439283,7.728876398957431,0
7.851769872897833,7.870179300266574,3.0438114719791094,4.852997998371511,11445.818675192364,10.210523001591351,0
6.9178005088142225,5.882501704268515,8.408652080670322,3.889037122279892,8360.61663150662,4.468434700153997,1
5.982683142769941,2.8199151321803893,7.880893620196265,1.8354977170854019,5124.24885577715,3.2718280990301842,2
7.476657039050439,4.947871462545786,7.568060426026839,1.2523634901717384,8152.155096835337,6.5705168190319485,1
6.721500518493002,8.462172666081942,5.024309623286852,3.6368259954071895,10284.559251415594,7.3380178222033905,0
5.19091652414371,4.45640327034919,7.220402947580031,1.582294743984006,9615.290555270756,5.360115900180313,2
7.440219593605931,8.213979910734222,2.88767195030917,4.779030400466777,10921.250050065139,8.757507710047305,0
7.479485944702539,7.512874616235304,2.407606075761131,4.136009230320184,10072.782441917241,7.169049883588962,0
7.1234792031242655,5.953176576746947,4.373135681351164,0.9741921268886231,5893.721371973342,8.293702904567668,1
8.061894646118095,7.138715798671736,4.5231240772696575,5.538910043684659,8444.130768510315,7.8096613219163915,0
6.534811734914773,6.669767417422207,1.2056598834585452,2.7033925409302015,7861.982902375172,4.618783099656591,1
4.132077537248846,5.168565142084178,8.123923835319177,1.5220169135804773,2756.687695252694,3.987701550691942,2
6.982475747959067,4.979357665503548,8.727784875018337,3.2647753109779796,9413.086106998522,5.8179426797073255,1
4.020699769717365,4.69603242589896,8.971112472286906,1.2410010437855998,6591.884387768177,3.566610433313847,2
4.727155453659869,5.664210099081431,5.352386173056171,1.5047016414000547,2740.212112941327,2.995709436505747,2
6.70965344726938,3.6605259386947595,4.473725854885288,0.7816522399489187,9554.551661481277,4.696734501458296,1
5.912660960977203,6.098394667696272,5.685920606922862,4.4558223221467665,8556.759809737085,6.946868024850623,1
7.383101874653006,6.570201295794458,4.996394238621719,2.410728348210694,5861.754550922866,7.001701591589859,1
3.170318184791917,5.239160407256206,8.555772108473576,1.271610637174783,4633.957471743299,4.2947192529023015,2
4.7536647188201515,1.7382339387960157,5.76868161638547,1.6585566440517938,4611.591805132414,3.8121405989912804,2
8.301127620878013,7.09794844564249,2.1303369187253054,6.12543478441477,8215.882160699008,9.642672953255964,0
6.645634548643692,7.90166037320525,2.0114088928490825,3.896410682784229,10269.841226730217,9.3920022863446,0
6.1102376630440585,5.577694418620189,3.845005900703814,1.7038833357501055,6815.818758788718,6.217711944136766,1
5.0346542022351795,4.738428106032787,7.246147524769439,4.857702343537732,7344.853163564574,4.513136756968029,1
7.5186347102164826,9.852278184508938,2.986502775262066,3.9422890710440996,11233.817368154783,6.779156350028978,0
7.892553006823562,8.810808273159783,3.793488720552213,3.2514680267618195,11956.51036431723,6.337508011964326,0
6.748887992914556,3.7324208494846167,8.02291266569096,4.290644460922547,6904.207025781018,4.677276311452974,1
5.2751139979554225,6.617105707221402,5.858086162571216,2.937808983000689,9186.530039805753,5.5991073228240715,1
4.516341362562431,4.203930691062672,6.7473704319566785,2.482916591168591,7061.916901364832,4.359680847686321,2
3.9965610965004963,4.102377241094581,9.124617687550439,2.6185919893326073,4763.24373523961,4.308292063638821,2
4.856340470102882,4.3019033219963445,7.047639184872176,2.060538832490709,4351.557231339005,5.272714733971265,2
9.274549301311518,7.488784323568815,2.010395179741419,4.874213079900352,10083.587368433042,9.094191518470948,0
5.174701433857781,5.370662236484818,3.8970448089770713,3.721479323757343,5924.788890596781,6.908994179204982,1
6.977152910065402,5.238856982772717,4.646045019183543,3.7441857103150347,8132.319125304842,6.320182075554483,1
9.160914886236034,8.959270826085207,5.153182457511557,4.23265243711195,11308.480955081017,8.183342005738352,0
7.6283061621612855,8.20115965587284,3.283287871546142,4.741095026295922,10880.040702212911,7.525096343377475,0
6.318197067234025,2.8701900942268876,6.335104802773145,1.769139906276719,4828.160858791221,4.084094388250197,2
7.822997101131382,7.723186700111079,3.3074066978091006,5.815737212539297,11290.710232539619,7.416922561431061,0
7.689458545167017,8.170416222375488,3.1605739810498648,5.003046020153414,10655.407254619524,9.190646274786342,0
7.85844221800476,7.201702755461547,1.6206807719854728,4.269069960058081,9950.309540689304,9.794557863517788,0
6.462254604034729,4.151455300526653,8.608812699359138,3.1430081296294166,7151.464504028114,4.284754593385569,2
7.6743709496585755,8.6863184569567,3.1058944531152344,5.584412980472484,12964.660876773229,6.435758388288948,0
6.334456473693022,9.696456368290038,3.2110174672026184,4.903286888129608,9182.621369786575,8.399136114352071,0
5.6594512411136115,3.535261902327023,7.461018425061955,1.8017980654082326,6980.621014675751,3.1255643516600817,2
8.62268886093331,7.448814283671466,2.181801116577693,4.996625542589048,9744.723066212608,7.546771950672725,0
6.446563291251367,3.9481688852218317,6.355547532208737,0.9591125868869237,4356.5289239413705,4.964769894302446,2
8.82479961799676,8.931280119116199,2.1607824767773613,4.690787624148785,10496.895147105346,8.97554512712236,0
6.767087973254828,7.71764013819742,6.622650091509243,1.6877808065685937,8433.104985459073,7.594719983442491,1
5.179914369546417,5.505396642275377,6.847007925046102,1.326053895898939,6126.309169101998,4.6544310271056215,2
8.712306530815829,8.575205016106565,3.5006657213812096,5.04977368718096,10010.594737942265,7.339678860526553,0
3.3744559664379388,1.4921141153559403,7.446193079676725,2.111598236917967,4572.744593386698,3.8938059099602467,2
7.003623667377449,5.034821088408009,6.343033146143899,2.3684222708346687,7879.747857056972,6.984412815134947,1
5.551017060226299,3.619821519986065,6.548761065951552,0.6981506176421475,5280.4853145869965,3.955726680155351,2
7.509769047612491,7.6122984400640155,3.285865390724905,5.3344567899870245,10987.816409009245,10.010204538766349,0
6.88882903153411,4.143235213273961,6.6240365808306105,2.5288753481821216,7359.5457168912435,7.590955977050628,1
4.1465045199386585,3.6966757036398112,5.532538075266253,3.4387840697104943,5829.357842899222,3.063407993756358,2
5.475635543198027,6.227375785465297,6.511165959792798,1.7450773319977075,7777.065712171625,7.125498645012786,1
8.919012560297682,6.2602862212219,2.637559058596868,3.880330105373856,8057.977786418642,9.16082678737852,0
4.6322154734289445,5.343039976720627,5.001327478158151,2.9369341061649172,2802.5378808426667,3.3315450891468226,2
4.77840030561496,2.7708220385700977,8.438224459701509,2.902149035613143,2078.9862887887784,4.97845780566655,2
6.353479623157364,5.571992238984155,6.770961368678217,2.372686554048697,7567.834063499974,6.061437482257302,1
4.257613629569265,4.36080351321416,9.84683093898806,1.9089499692689935,6627.833395492447,4.038555168784318,2
7.907481374089407,7.698896304410711,1.5214780096325726,4.280155791605291,9309.041843560319,9.057122226218915,0
5.46935390602917,6.351258578570224,5.218281796652361,2.385877434991684,7711.47404941809,7.906352313652315,1
5.341660231952626,4.174422026318043,5.175128793796436,1.102775882059978,6064.028771682975,4.019458255518883,2
8.138673331496326,8.2439531979085,2.776797745365195,6.489863438602082,7598.644032285227,7.171502975219754,0
7.985032994843282,7.611481546911114,4.124112719986013,5.947526462122858,8840.683498264587,8.407052287124536,0
5.401277688824201,6.623882567434503,7.80322676081578,3.419705608357266,7914.872258386573,6.01026729698922,1
3.5279629269732085,2.8513982101216078,9.067704441192257,2.0926596697815567,5584.406786137982,1.779578991064874,2
8.612864222707753,9.226933223884307,2.899845923520047,4.796326249823034,8683.026119865159,7.17311964596014,0
3.9461645046356546,5.013377274183484,4.447146654972497,1.5509296028462352,4505.7660496730205,5.674859672914065,2
5.808036189402071,3.48232128236339,6.364360476965945,1.6372687132929167,2306.5352410549776,3.669909808298563,2
4.522160149296209,4.446472161380398,9.013270196867282,0.45272980363233817,5034.620988425631,4.624903594654043,2
4.822404005241261,5.287070565345099,8.445860401113794,1.9839209985842787,3843.199550676064,2.2260303838878706,2
7.173586956361701,5.556951359463064,0.6395176710175381,2.625177943378194,5942.184268734041,4.042469021446865,1
4.3186197649304265,5.661391228830245,8.490673321795658,3.09913150816916,3721.419850888845,4.47536561069201,2
5.950976691395932,4.280794452312417,5.218754705323076,3.585299436516338,8272.325394114558,6.983910303162281,1
5.416801574483114,5.900544945603957,6.9654241658718,3.0228601343514994,6624.499907775303,2.9236188125979417,2
4.36377628734807,3.821927431738569,9.806611723462172,1.3192927287688812,8661.83258370787,4.437126779731052,2
7.947445079786489,5.738344925529152,3.7285491070713728,2.3479111114069395,5865.550443986417,5.058285710246756,1
5.54256908285895,7.072437227266933,6.339430805163154,4.829620201716088,6885.470111055754,6.854786591496195,1
4.804214729031418,3.249274094343302,7.855631760041193,1.7348549029747977,4221.999920568185,4.853201545051554,2
7.645374199046792,7.115197285973099,2.827053940076577,6.7117084801423434,7942.148285602965,6.386438602123259,0
4.783476802463826,3.3729101511815918,8.998827201497692,2.7431456108257724,4092.639854107738,4.4977883094177775,2
7.1261497882619365,7.683591550305198,4.213097699979183,5.141716913639905,13478.994309972542,8.393317839394372,0
9.315974170801027,7.750963960443622,3.5765569630557663,5.311250154543536,14618.321212682857,9.119574911434576,0
8.472523864553848,9.108703580582908,3.820482181197364,5.507274031107298,11600.012034383732,9.169295590445673,0
7.049652636687133,7.759849031134324,3.3326296257296733,2.9641744212935373,6702.818172961177,4.118568689561453,1
6.0280861457955135,6.838426576220452,5.037816301310123,1.4568817720571297,7746.442148055854,8.63546777058336,1
8.176674801447327,7.913330870099037,6.01842048164335,2.18759765106258,7426.455988742945,5.807567902746203,1
8.022654700904368,8.029756139495746,3.9382838059759977,4.4839552717826265,10144.181165411475,7.537724711294958,0
5.863090557450803,4.8599238030406475,2.8345936067453525,2.517090160539482,7375.92746415526,6.291710073192839,1
5.872987467530883,5.1713507372204885,3.6257121267781365,2.1681777917695553,7399.232564925967,5.1410880130670975,1
2.5646876682171116,5.320995850330745,5.777865995764678,2.1409203615101537,3125.269490615954,3.7347624595297977,2
6.030774984348851,6.269059685148951,6.071914685954927,0.950058721422522,9238.611097433846,5.596494313582713,1
4.587520988112063,3.6135630020045246,4.559492618699877,3.618072184455585,6878.811096543846,3.2209805784800145,2
5.004206640243663,5.533775069780389,5.285635834887587,3.4492187212850345,6735.289960213676,6.04132921404701,1
6.342462553602489,5.442502706261258,5.06653819627341,1.254292567140348,8242.058480662548,6.460122037684373,1
6.8449161470931665,5.703819046862762,2.4494631505084166,3.779287574085841,9237.789703529033,7.852219681182529,0
8.67115240037569,7.3827468134530765,2.4416982460539693,3.899845767028305,10659.25184593034,8.778936503512114,0
8.397371322408986,7.861735698828816,3.6476885381006925,6.523029856408026,9648.769937914996,7.765863043050819,0
7.110833634450374,8.246504778432005,3.498221748496785,6.140149038521266,12370.81102985256,6.984905808172131,0
4.717874223066088,5.976843485981364,5.576570758346983,1.2744777002223513,1474.3162210634582,5.67286820189853,2
6.061384964059938,7.000000694136369,3.34270581040622,3.220541427013867,9326.938728458337,5.384164362583925,1
6.047538905700808,5.434421134618659,6.077626135207462,2.842253016768515,6537.499769804426,7.998422301148237,1
6.778673391396902,4.922603920289244,4.268441940576883,4.074333004770244,8244.600176600912,8.49007804721825,1
8.319378498084223,8.64719593970274,2.516813537700626,6.573986763290033,8161.351505496488,6.53562511979018,0
6.809446816551362,7.3091765102231605,8.018405668551148,4.023709546106981,7873.9628934625935,7.254106168901704,1
7.261413403111277,6.648315394383666,2.024126747022667,6.05364179660784,8575.901666752085,10.63238206483739,0
6.900268424310965,5.727667866302687,9.465312263680794,2.312902301546181,6751.264734479669,3.276035269532213,2
7.282737689622428,6.626571055120723,3.3444952572044464,2.669210775672443,6329.701306323806,7.596689884846848,1
8.668553689652114,6.870293145342382,3.529804177915283,6.4415686206579,6292.533249809067,7.203104744529523,0
4.421540271123669,4.407006840128415,6.912354821503768,2.6611226538644197,3400.951742558479,3.9484577913923484,2
8.824226763225473,8.238789159026513,2.740957854179297,4.803650150915022,9892.598110878904,7.962777763490158,0
4.8414623075835435,3.398377126033242,7.1385651874598866,0.7483022981313565,5215.139850286239,4.871524386087934,2
5.863528242521522,4.705763181108469,8.728972154892539,1.0260769652024384,5701.925633197778,2.829719293603225,2
8.557109957965372,8.955305208570511,3.0884068862918475,6.477530081055262,8287.466328799743,7.8063405407202815,0
8.265851209583673,7.251513463443446,4.551151975522523,5.1156746342928585,11768.94577609574,8.06751848141011,0
8.667137723639124,8.459180079228437,2.929834288541353,3.3390390664840086,10644.42732869888,8.20768768716311,0
9.520952548602406,7.9393391861853795,2.291593233089537,3.486285607387173,7295.290485616082,6.4158640569945105,0
5.8900577324754595,3.7712863030966988,6.6996981185494455,3.1193823600569273,7308.713518715976,5.572398210270327,2
6.291460628817044,11.137748533659995,4.056056809066051,5.223238914129159,9917.658999075571,8.285554074857657,0
4.793015410901631,3.2627696698232316,8.233525706343631,1.3304157164483303,5827.946388997741,3.6559019717376673,2
5.738465231982212,6.092976622222635,5.386628810214126,1.7582394245183757,8001.264625867346,5.813689141410301,1
5.148653569626191,5.4344835111569765,2.036768343174294,3.75109945450731,4402.375430615519,6.034149097419791,1
4.772893992219074,4.3298909351669534,7.2033451246220634,2.582814914811629,5956.408718346813,4.258769805243921,2
4.970196019664178,5.9176391446974375,2.9475274417507844,4.987275999230808,8867.044083262082,6.126904549525777,1
8.1677275322197,7.508363814367953,3.8071225966373103,4.026453800295531,10714.53665403433,8.505470159166627,0
5.029190503935568,5.337568836156117,5.15118953316958,1.4524066155097624,5685.9864216301485,6.098221474546747,2
7.9971179687275455,6.841635310807457,4.503398301767151,5.877362290575672,9668.553739255503,8.02688583899453,0
7.803689507197704,7.246263835642511,2.1104855703744767,4.184189715034561,9884.347435878844,8.341151974816643,0
7.333379731247081,6.700253163614265,4.8057241297048385,3.579857285295132,6439.661148018977,7.026666790824854,1
8.785412389593276,7.675168616491377,0.5005942851264269,7.290942572590742,7915.641299854606,6.354601253043108,0
3.5612798989431305,4.229684829010376,3.4323525101900074,2.15412122611842,5548.0913628877115,3.9608378845572405,2
9.3887710425322,8.197910783462648,2.3485819963855517,4.5161141659456785,9519.47903770852,8.424165946401917,0
3.830519370796983,3.6348358698361247,11.169945436335334,1.169606916008616,2969.367987935362,4.734476745001218,2
8.179561454847978,9.047098302612154,4.6839276914578685,4.54111573713106,11618.021250146943,7.961491530499293,0
6.860482730290031,3.7562203925614033,3.2573242341314543,2.7168611032562326,7048.710379288761,4.548627677497434,1
7.703027564405083,4.22320600003235,8.654826358080488,3.1535539215620805,5328.445873783962,3.1581783681318476,2
6.895251135180416,2.5744480045147307,3.714722202308301,1.8739460390889497,7115.488982441262,5.354342689811833,1
6.5681675597071205,2.4106368349191323,4.719655762757022,1.3695267562848599,9308.991774820224,6.9328888233174135,1
6.6372940485158765,7.944452301103381,3.384065448939307,4.967305251905907,6898.836849940185,7.910879960487212,0
2.5963313988994696,6.170947129779681,8.008440112060603,0.7996187606695986,2781.8343142305716,5.672265904097528,2
5.727468157181433,7.954999637881134,4.127326949911919,1.8261200355910274,7203.093406522978,8.481487605796262,1
8.796838148644653,7.2432049114305395,1.5781893332581562,6.501333651955487,9515.980241736796,7.749166983544953,0
7.37120843159364,6.6687670464422215,1.1637946268967034,5.507991326912544,8344.95009073919,5.847109407047517,0
5.179622272631923,6.114177144542897,7.5396084626901825,1.6010928833692388,3573.223444418066,3.6581781797538646,2
8.2172630697563,6.723251424179691,1.9189434595917376,6.053152853332904,9940.667269215017,8.681500697372625,0
4.2176460774980065,5.52379836769583,7.371220821460157,1.9922684629493221,6318.445959605977,4.480608593347347,2
6.759472168011895,5.360729402139716,6.2594957966467835,1.642482460158065,6148.99292623128,4.8429599142921065,1
5.786406211995817,3.8285444576526375,2.7504545647858905,3.08735159533122,6140.759179376214,2.2570524695133347,2
7.847454079389323,8.217432873179723,3.870067730688754,5.495681887972605,10225.628357715364,8.364961002466226,0
7.620043751071235,7.346670767426288,4.765454240281096,5.404981710960955,8108.674068497432,8.917861947054776,0
7.815252375833057,8.696206364813419,4.848956094945345,6.126565029547757,9596.666964167754,6.89347409125833,0
5.084518475815328,3.643698396111389,4.268859583296976,1.4353812135237078,2912.062428572403,5.704102078059118,2
6.322020082577388,8.456234634863469,3.9875989718141716,2.5969240109349694,10487.3299533071,5.001526434180172,1
6.055105002591375,5.843927647735656,7.5036042887394965,2.0574419942081237,9922.168186064777,5.61356621460953,1
3.8859186417669127,3.742882999514652,5.586909724638632,1.5616033450070899,4678.774533933217,4.837154486331384,2
5.588076675167832,5.654814203119884,8.418832234831958,2.8588975551260574,4053.7316738137156,3.702133195043139,2
6.2700419844797155,6.3447946852836115,4.931731632048137,2.5757636666019565,6645.250607641862,6.395410482687611,1
7.232312220448129,5.340551670485358,4.82485112630713,2.3644421585955966,10108.277027779997,5.614508680658506,1
8.207906235398738,8.78182287177731,1.763049289121918,3.6795433869157237,10782.912348425347,8.296984673233187,0
5.9146946088731776,8.268528822186939,5.073962497280334,3.7688396759688967,6587.660238832861,6.435738753293428,1
6.143245028911072,6.135768548463627,4.45532500826665,0.9925431392549902,6917.479592548262,5.633257066718024,1
6.028710293775099,4.877284441485089,4.733123186293403,2.087189080703487,6873.854427015852,6.41286470587616,1
4.5543496969700055,6.964582428103915,5.781181344817021,3.68423794356665,5052.331920634113,2.6244891104312575,2
8.340709764954429,8.019147777415752,2.3585130909556904,5.487872284871074,12706.522164680115,7.809096208272702,0
5.71573424117084,7.3732342806989415,10.277642342554168,1.4506277255973639,7435.827489216728,4.3831681897589005,2
3.7604119874749715,5.22940840648201,8.651995247334325,2.5730720644323286,8487.048371485125,3.471053237275301,2
8.520360074028911,6.496919698240182,4.051947617722918,4.001939372685587,9424.043092071473,8.250200206251694,0
8.070069752424637,6.004434806217417,6.517194553112534,4.341475915530881,6386.273651192424,5.417632997558558,1
8.343053200264459,8.693105607263144,3.176441555277225,4.632972160916678,8758.61466902692,8.086143883046375,0
5.643846749684535,8.062848735410185,3.655501012111907,3.219302337200436,8687.788965582102,5.315231483759865,1
6.271065326007033,3.323925237791263,4.573299079276994,2.3046224570920413,3773.8877983784905,4.321291470757388,2
6.8705650336792985,4.359434632247705,6.272261319000002,1.767476685231491,8328.449906519285,6.7507571203752015,1
7.875281457650666,7.451712703509399,3.1600182258527876,5.501782736167545,11676.09822385369,9.448499229892926,0
5.7973893977412265,6.119864345291056,5.721116869651976,4.496710407445981,6757.55177944789,5.402913002028943,1
7.979556743206844,9.172729019259364,3.5436001545944324,4.629385667913894,11157.548065972518,5.1514573793699245,0
8.206040312578212,7.925554084233832,1.0812287847009585,4.973486124550783,10090.34531491154,10.463242112485286,0
3.7318631950246877,4.29808903861495,7.102557348951488,0.6028266195367731,5497.4715006886445,2.9528424313097354,2
5.632454216642301,3.930986189875242,5.842342063910687,3.2876165326207785,5341.243813598081,4.635967750711738,2
6.26201423930092,7.574380486288736,5.481178588899025,3.194051943605874,5594.908366931952,6.34434702516205,1
8.179273985448333,8.012592400781795,3.0976760985488316,4.226990216144533,10036.765261388415,8.49799829124545,0
7.485160134146031,9.029960817581161,2.665224667893459,4.596351536758004,8567.31613097597,8.42359906559346,0
5.894232774500935,3.5804129702622887,6.603181151942917,2.2926079888743325,2087.648299069668,1.6150944910494176,2
8.672496021203642,8.546733568201379,2.7610679008303056,4.6331755881853125,9412.362776434267,7.077589815501497,0
2.9255136489836886,4.473558163194875,8.682792257191378,1.850656830149244,6093.595467503546,4.351165467627084,2
7.749553575581476,7.999291405423354,1.7495922660302825,5.604515326355367,11323.499593485114,7.54790966716692,0
3.489958788014748,4.235354125012155,6.709441930292557,2.4322303552285565,5334.921369883055,2.8016078750479547,2
4.904888352299234,4.100354857135486,6.534413512933652,0.7617587549527749,5396.382145411008,3.9596660897859564,2
4.1307130130113565,4.486959435558034,7.206028719110554,4.334538844048074,4723.781276475197,2.8698212705153168,2
6.484101091705351,5.87128228102687,6.830424344626575,1.9233208725289865,6356.2211412801025,7.243563470486976,1
5.240205843946223,6.003759389721892,8.184879583271279,2.7756552206023253,5490.283100915656,2.6107012697890095,2
4.778093164312656,7.051746774603522,2.657760166337211,4.503419828428999,7004.819859050324,5.7459996216825875,1
4.590198756206467,5.440030452628838,4.794265673153124,0.9897841794411486,3836.1877652502744,4.0789640456680845,2
3.588943168933918,5.4637856911368266,7.3594412773584965,2.586443425172799,2160.856733614922,4.31149085879779,2
6.231889775062839,6.410805401387545,7.331240631072161,3.8539759765522237,8122.298250542865,6.555946236141727,1
6.579011813681344,8.408652811480671,1.9706284918179284,3.6473297141564656,7716.461220673164,9.112688374989926,0
5.909554333070886,6.2175013951224605,5.690407437473456,3.1948423402701382,5970.457020436715,6.247634125590541,1
5.29353752996864,4.79930122522205,6.509990128736434,2.0998016797311476,7273.167212528371,4.38173416896251,2
4.8619176653385185,5.209363341508719,6.83954279521228,3.55379647580504,2379.1674995521166,4.094621044669358,2
7.897960703697972,9.511154930247347,1.5488243099484411,4.987911052153946,8121.409833380321,8.363631882624968,0
5.871211173892014,4.342746476215471,5.455727893407314,3.7215625051261436,7153.700439232846,7.743912795985241,1
6.956424399596117,8.669672548830038,3.3665982460968484,4.060120213672644,9229.19962399496,6.940786478111049,0
4.192408659901704,4.231832993715673,5.432745529145393,3.427138076161415,7522.238686127023,3.116131104859271,2
4.5853730994281365,3.305791248120915,7.824524779435389,3.4411440794131902,3047.618025795003,2.146981517102431,2
4.973753953698087,4.967537987064597,4.379591699867533,4.887687657340191,8334.829686800636,4.39742211708013,1
4.392431208220444,6.381818915432792,9.171694627686799,2.750912018143156,4735.831349060206,4.08298741881251,2
6.042603166435151,6.399129012389037,6.399692108511604,2.777279299223393,9097.75794857158,7.743140094583415,1
7.022297752886444,8.712998430172387,2.7596746018418647,4.625179192450402,11066.439952305238,8.44426331148604,0
6.234953293453342,5.2653159185907,3.3722742101633028,2.174589470021045,11923.641637963088,7.493615496884144,1
5.876117643022689,7.298381771099931,2.975635682672702,2.5847862320947286,7551.041116608348,6.133647122208063,1
8.018213613396782,4.8625287392772165,3.748515431762627,3.7640297815728596,5185.797727185531,5.240693964137953,1
7.478531113758272,8.047398671316413,2.1395866347160477,4.615444455770175,11509.43921382166,7.423108130476852,0
4.366727295289728,4.3838878761757325,8.51625960253047,4.823244150056388,3133.2703251667017,4.44982721372651,2
5.595837020260861,8.894012010694105,7.2745910828803595,3.6021183203924836,7608.055291925617,5.745349236118618,1
4.034217367136041,3.853711592044051,6.299861782072839,0.8136124544140655,3773.4764050922995,2.866169643193646,2
5.075576372670038,5.758636970250435,6.9561753912190225,2.620092097271269,3431.7057714889206,3.973739206730148,2
5.434941038367898,4.027215982508255,7.806652285552726,2.2451115856587314,3502.5398370634175,4.5187930174517215,2
7.942391902735733,9.003532897892024,3.361636025047634,4.354880245394876,10542.09340826262,9.53803656646597,0
7.712185083368731,6.673952313917962,2.586534838876724,5.260280506582886,8554.361610684084,7.042849085104957,0
7.4441025389932225,7.373151682271927,2.918197174316297,3.7638603516334226,7420.339797454634,5.338821835754101,1
7.231017297108469,4.145124255971121,7.384758467271026,3.5740712208940013,9599.39196771869,4.389446701817862,1
9.697724957610106,9.032465260551147,1.4806300340459866,4.5157659271337485,11900.366723779935,7.292330534381219,0
8.04770429593614,7.353063222294426,3.69822331361359,5.39348538542175,11342.789830041598,8.63517180168197,0
6.276829655734553,5.664287797804999,6.185557844077567,3.3400512945688905,8355.919495829297,7.161821592639433,1
7.371015723373338,5.548439130090005,5.028228574610898,1.8283456526824382,10043.584316716298,8.276746433727734,1
7.483228656700372,7.200807993349747,2.5172564778179676,4.046671391741287,10184.005473992192,9.62467845846956,0
5.685589746298416,4.330021696787847,8.749555818503879,2.4247805295712723,1732.6830204028547,3.470533036492992,2
4.391401808786497,6.004050607916593,5.491731759264628,3.9242701395378297,5979.156071561193,6.102824593684031,1
6.995109038418523,7.966031678725129,5.571964418397177,3.311652856004778,5221.633762364898,2.843123835805124,1
7.032333458953423,8.3294609237565,3.682515384230392,2.6219921009817826,7847.1688837883585,6.775787445270925,1
5.147298000389084,3.683407142683143,7.922416958547068,2.407746461793863,6217.558357419898,4.331918447707888,2
7.245947896763734,5.5018796532439564,6.051050918180875,5.814654444472553,7343.485810519662,6.471968460006388,1
6.41134995177673,5.534108335774153,4.9161193272166805,3.3379575282321183,8836.955530304633,6.005075830792982,1
4.50843806098107,2.8047290893193324,6.224729675239257,2.495226357270826,7088.0581273806365,4.111129375296512,2
4.72963330323883,4.467138815515507,9.92966079740886,2.549565305678942,7304.091772564292,4.597537705894728,2
4.326209894340524,5.649044595935721,2.9310811542843433,1.880435445468009,2853.753197562992,3.523446198566475,2
3.837934179743717,6.398540101564281,6.400801764290721,2.1033499786653684,4905.089060154626,3.340251358746034,2
9.329007371638296,7.542903743413728,2.3977879396382193,5.468774256075024,8502.421841217563,8.301791899819467,0
6.71395210850482,7.237275221433785,2.2308576502127018,4.0600968988911355,11244.212262897623,7.8061738612271965,0
8.077662039478433,8.968644990532889,2.2979469061226476,4.672337853402232,9411.837770301763,6.536485051867881,0
3.468464684756357,5.880320875077955,6.692073970755623,2.8948399554042608,4210.202469355935,3.476424011593417,2
8.497257511884841,7.630389663956366,3.3771003939021864,4.970737186315022,11689.075376158253,7.948606276411514,0
5.708033765958389,5.957990867992517,3.7834987045567328,1.8859535498380067,7887.9917217830825,6.255287731029193,1
5.957304822593532,4.3726912375902955,8.850109114529005,1.9938488034229045,4418.186327206296,5.306072203871629,2
6.915096944352098,6.594966025233085,5.002428547035412,3.414772890788791,9906.508662462895,5.657886891549583,1
7.829245703255833,9.490726136849952,3.1486674572021114,4.662914028881961,9079.89600468859,7.697530313511872,0
8.797013455557712,7.506243416838688,1.443418101340249,4.571884839034087,12251.139685951466,8.850221742113494,0
8.83003195540632,7.489983601145253,2.7301250647066286,4.021236284217693,9333.560109885833,8.377300493044853,0
4.972515129994166,7.581962789823203,5.109020786494012,2.58850685543782,7366.1487686678265,5.954915226024623,1
7.150157029019116,8.47359243063518,2.0805757657661967,6.54993440501754,8825.120061495645,7.677938483794325,0
8.081485036209589,9.549020151495187,1.7608929243460991,3.53247473424756,10247.141261854775,8.050887701856018,0
7.364044847311448,7.13134621696809,5.7309578555674925,4.071929865211797,6181.075826382018,6.418314143833176,1
5.685290084710968,6.182411191102946,6.54567213430151,3.076879835611406,4710.043660328045,5.471585082569894,2
3.7464939876282384,4.2420541943052585,7.578624952272542,2.5621279987994448,5361.315135800612,3.334306535106453,2
7.085104202059994,6.708506473501756,4.786780194589181,3.33868731792169,9044.186222397537,7.04677845603414,1
5.3412158424920335,6.300329530801186,7.111764390740159,2.8205056910980657,8963.01786573893,4.598099155047466,2
7.444229495128753,7.590717561886896,2.4759116020654073,5.152354872033722,8766.370101426699,9.121030667324472,0
5.444602244320986,5.756423235125212,3.7999421534035305,2.936475425384645,9356.157202026208,5.451238013895852,1
5.626434672453945,4.40410985680494,7.307613008851945,0.7012939760470052,7832.655409421384,3.835758014967968,2
7.860032194643673,7.244254840507155,3.5365098435704034,4.101532018208963,10042.271736053692,7.990881003355796,0
7.331722357392194,10.145149127773388,1.8124015809704872,5.309820710227028,10950.665321398148,8.413799097451498,0
4.31395024296482,3.759345304022446,7.160586179488445,1.7238824950895784,6031.899458077142,3.3870167287293107,2
6.3155082909401035,4.752595558705805,6.759370927036978,4.0007203983474255,3416.5407653021057,3.646314240432994,2
8.315561713902637,7.5790155191797375,3.289774856896413,7.075400798645439,11306.687055147539,7.6739764678321585,0
4.963410025657069,5.291579997698845,8.63527520653067,1.4015231483026822,2049.012403661008,3.978755220723758,2
8.09623650536952,8.51443883405875,3.7116148780888896,3.8753579081621305,7698.828743896567,9.27767682189851,0
4.809759155586784,2.7030639976731017,9.044843462698376,1.757099141681599,4266.6708214344635,5.588940328444083,2
8.32785492554281,7.7587423453814575,3.6725737012027313,6.899881934895216,9801.04938042614,7.025470695329359,0
6.492569150745747,6.368377287223486,7.720111547773135,2.657121138442436,7917.522951967005,5.388943964881038,1
8.216365460623871,7.949761890550863,2.7610519531335904,4.092436337958402,9134.8430041475,8.755391225825756,0
6.00052368822942,5.778569570812981,4.09288300319268,0.7944339429009308,8845.599295330698,7.529850049534467,1
6.480613732904247,7.442941497579687,3.357094221735793,-0.1767038131960006,7918.625787517778,6.349876412018367,1
7.642853108359577,8.194089992898308,4.073631749859772,3.9734847005889398,10199.454511220314,7.299879185060827,0
7.949856722181463,8.955142320501238,2.014273953664456,5.504046515517844,9204.61357244134,7.207127167737656,0
7.6378817522602,4.862248056865214,6.420516286829237,0.2357645017952752,7084.646200919533,2.6547903291913975,2
6.258255530413903,2.8762354946072417,4.458034157049064,2.935815838711181,5984.102670106629,5.381737927430109,1
6.779720037839755,4.122236674365534,5.143016299161962,2.7365517839177507,8518.714163157294,5.637545400612163,1
6.759566883482013,3.8353646489251623,1.4120656935304643,3.8447743757817,7491.659559527894,7.414215227758107,1
7.948689322725606,8.328762410303481,3.321357215450273,5.421920754235285,12420.566903587971,8.45353430151398,0
7.642142483472999,9.281016361735112,3.0678555105274032,5.8527736751222195,10727.099225941713,7.153643345009127,0
8.045610499917668,8.268592278863258,4.528468426412532,5.507835756289624,10807.444118574449,9.072507337309801,0
6.344242163106655,5.922974187469802,5.137628726672559,3.2522403964266773,7325.6564353170625,6.257655819804632,1
4.001905372230965,2.3948581766130013,7.141791351382703,3.444871294269569,9000.357833480013,4.097155787086248,2
6.024950873545036,5.801242307618842,5.1178655445787244,0.8712659055851879,8187.252172183048,4.824334530339832,1
7.436525047565793,6.591538703636441,1.4433708264760963,5.60600995134564,8079.355971255575,9.754794181984364,0
6.46408557590197,6.219001236719056,3.9948271993186504,4.17171791471616,5735.739995167829,6.585072356504062,1
5.297227221585087,6.50070821009944,3.814010772811547,2.3308930060573445,8203.380095116048,4.282034219209343,2
5.73297723505058,4.376989572671134,2.62461741531863,3.4129989121377977,7178.898453408208,6.455286477126132,1
6.661863037138241,7.9582282789069305,3.900450506714016,4.818061922557825,8662.733241052174,6.66364810302283,1
5.705313040334439,4.780945407612026,2.9171861692531835,1.39972889549629,5674.075961669281,6.191355008164955,1
6.01331938825653,6.711036368781314,5.614454178025991,3.356972759266926,7621.917633084298,5.954528301939803,1
5.86254348461517,2.466031873780065,8.230348597458976,2.653844962990661,6431.127653234942,5.218480214871686,2
4.960105616248288,2.814912520486094,6.798729683984613,2.4154869965103103,7510.045919228785,3.4105476000612818,2
8.394654320704712,8.184836123694874,2.1416422198187863,5.700309879408992,9136.543260643339,8.122009814645361,0
8.260906417793695,6.748886423614697,3.924027019206901,4.8150978635570105,9215.915469221442,9.049009225836889,0
8.275024186758507,5.809145747519938,5.443436733120643,1.4833574505792089,9715.401639177411,4.598664538478478,1
5.41445154424034,6.2677836656972366,5.827828957733231,3.6802302084176293,4594.870946246303,5.086373676229272,1
4.283426511575895,5.471513323166263,7.796341471323924,2.6865112567472127,4815.2953469715985,4.6025802679783405,2
8.195973256886978,7.49305682462887,2.5289616943816773,5.232049937357636,7827.873487754014,6.592536225623444,0
7.45581028950155,7.073576625088647,2.9407108227784042,3.3514799003522016,4532.662125937784,6.056321882472443,1
8.410697594296352,7.421107974235407,6.084240342478268,3.111799158203388,9010.735800895003,6.621593731669742,1
5.033719054901053,4.822312297253157,5.327766718971379,2.9575287590090817,4104.657822902043,2.3255305395467545,2
7.499603920564927,4.40066712302442,4.475841009174566,2.2274312512437593,8068.729678089187,7.476266610780945,1
4.235813213362153,5.5514087180316904,5.935853264007286,2.515676345932141,4426.321403496065,2.0240367001083803,2
6.118632334154212,4.515652049252343,6.731123461964632,1.9119956010391588,6938.0905014897835,3.250828273396758,2
6.6460282962281445,9.529550319460613,2.8419921014210106,4.57311893005258,8481.843437109748,6.345143328134231,0
5.704909860132117,6.50422985147399,3.7152526438862017,3.0976703767483356,5603.252389567551,3.848272256958508,1
7.6239662817923985,8.26587822965205,2.5632802639594043,4.933867385374177,13149.582683749773,7.752974299254003,0
8.258463418492823,7.7476464978737125,2.708188731084456,3.436809191303343,11324.664665720738,7.922162802987198,0
7.037224937383243,7.8336376312653995,6.331255951121089,3.760846654311478,7590.128991922746,6.465974406508139,1
8.159247756458775,7.399783122841205,3.0698020849900187,4.61468640313824,10170.276017876871,8.662130674521046,0
8.831289429936215,7.92423571346454,3.6704806172412123,3.9281427669598443,7669.3618509759035,8.81788965802503,0
4.886128961502071,2.601208890019031,6.220971290296612,3.1286174504049664,7161.515428931622,7.666829235555314,1
8.607142871829412,8.281191423969375,3.104201103951876,4.937406872100477,8869.053116699986,7.719324923133226,0
8.223974901055856,6.874510952701623,5.445751979616826,5.129221181975227,10164.092191907339,8.725766623898693,0
7.5644938203798535,8.110922589709865,1.8490064225776972,5.3756980183456715,9099.041965121793,7.708306250206723,0
7.310109927715257,5.810215386753216,9.8646394543921,5.307916250616111,7227.826396128725,5.872395596962422,1
3.6791216446226827,5.4256821538845195,7.00166491703094,0.7644529214014044,5739.325957777804,4.833603204837348,2
8.660333079190424,8.813509636000639,4.305478807154329,5.021003841632759,11022.929456942446,7.689733243406544,0
7.4123267385615605,7.189747562985619,3.200569197230943,6.148637349428715,8476.267271532404,8.061679849847971,0
5.397397023459234,3.6030532152501453,6.579246919882574,0.8777070742337163,4837.791514412875,5.112100619221339,2
6.637471471834825,6.66390146398174,3.2366080915627227,2.104930157723395,8395.842327380076,4.861982394930959,1
4.890976580036536,4.541250370831752,7.2408841497576395,3.0897059229480632,4645.326744896211,3.8803803756312285,2
7.261044995439587,6.6322775083989525,4.71369167067023,2.80180432362028,8265.236203372775,7.527084195514283,1
5.041287455587439,5.7445906783898915,7.501657772272782,3.1824575186851556,3509.615726608946,4.135924567218348,2
6.8107005833841345,5.886210922462953,4.227825987627887,3.2435302041863445,7409.394406204638,7.353336300760678,1
8.134923737573382,8.441940649569409,1.909600922557154,6.41093237974627,9852.117801573608,8.018849622944847,0
8.000165651934557,7.990699678861386,2.672105283487082,5.155190683858979,11237.647397001452,7.1328697842891,0
6.0294405559270405,4.095725847857834,5.730348547811532,2.740537767602177,4503.837655965421,3.4898391863497826,2
6.653249446223239,7.194129933503811,3.9648516330974575,6.615582823548232,8148.4766921801165,7.407535740847106,0
9.105727192830022,8.648709887589643,2.8328819196831456,5.146713686433323,11809.763449762535,7.183064329012764,0
8.414127216375299,7.274256186846534,3.1867667644770785,4.2446170676466775,9082.723295512078,6.5933389031517775,0
6.1188945979306695,6.029314112025098,6.742489519112825,2.8787879008414547,5536.492049946634,4.064505972862571,2
7.056321979640239,4.630789788296714,4.832736759285584,2.1950335191474393,6918.450125387159,5.503661201244428,1
5.822912224090421,5.298110815898676,4.2818621427174675,3.3594757975471254,11023.613680051136,5.140747876468992,1
6.69430561052022,3.5014815561732155,5.829723734568814,2.4517997018332274,10385.16869223743,5.070462035977702,1
7.336803991262342,7.439818959803031,3.7472936051232617,5.610370265433465,9968.647609053778,8.117327383308782,0
6.681627583091911,5.611118189749236,5.8871632276277825,3.680220360476691,7961.105354579533,5.010465299478287,1
6.379906438996954,4.483192598463163,5.729277187342908,1.0506282446775768,4424.4638140737,6.8870165936418815,1
5.950133072963752,7.808972237399831,5.412615421612916,5.7846042878980235,9971.109430398408,7.737109170791732,0
4.313461246846231,5.89605126619626,8.603188482091438,0.971200234786805,3367.3831464907316,6.560502959355684,2
7.490090298154786,9.189016531107551,4.420504247989855,4.429253706250524,8751.466640343657,8.471415556386404,0
6.276893284679395,7.014189565421185,4.926654224788842,1.594810153196425,7421.393324133795,8.04492661950659,1
7.259675657091591,5.9287017824730075,7.783254972191394,3.2242347445352917,6980.36024098965,4.0661191690766065,1
7.933249624167711,6.55035478030147,2.0781401868746867,3.9960426279185013,10310.900994098416,8.06934433703625,0
6.750925941927143,4.462177784006275,7.386059659626024,1.495322877642249,5648.52907130051,3.2828180992775287,2
4.060032170849934,5.071981248960669,9.573861446699041,1.9219796930035011,5491.716610361185,4.952478156952806,2
6.41656015169937,8.747910256117533,1.9272569742601935,5.239246864111149,13111.12400462496,7.080615408413577,0
7.846111228175102,8.301547342333613,2.9652882302947567,3.8313219623804677,11714.23422177253,8.751933032686773,0
6.449888338138212,6.291748150215471,4.558636241545313,4.356583385827982,7199.471133308754,6.278210510561817,1
8.456712408554534,9.135565640180598,3.9540017634932023,5.651391251305798,9527.096133039482,8.758969220493267,0
6.748137069120835,5.748074183883091,5.890343254040549,0.9323115144718139,4421.491053533227,4.434502646091306,2
4.509338117269609,5.210101905199382,5.680263068831701,2.0177059657453205,7588.476332384396,6.536247000963238,1
4.87665593595389,4.870856931639184,6.0164684208078345,1.8114310041146653,3590.805137021026,5.119244917564096,2
3.862967116852513,3.513822205894385,8.953885595179347,2.110129552694437,4174.11939949894,4.509689231224656,2
5.4661898439155046,6.827649366294233,4.245537844172985,3.2634872153310597,7941.33619352024,5.718710639620413,1
3.972596448473989,4.052078104870423,7.966777737467937,2.74259655307546,4255.2023967770465,2.846507574015216,2
7.596428915197371,6.834243480100799,5.425626535492252,2.012126659099251,6229.723550811953,7.4995426863559995,1
6.828440068262093,5.722716627050784,7.0897718869023585,3.8393491142316023,8809.236526508452,4.840611931955499,1
4.562262677595675,4.718387859147358,7.659229072012767,1.9213521220364993,2294.3742738612555,4.331470896330895,2
5.167570105800991,5.8947115170068,6.190613168894303,2.7159284448214605,2551.977672460374,3.095052167061934,2
7.427757032592026,8.679597748934675,2.2696333682828636,5.216458589581975,10068.35775985572,7.348399652394183,0
7.499549838792376,8.395803533437409,3.494030186282739,5.260673765823907,9174.54226923187,7.328376632061948,0
8.957305189316521,7.390217095680618,2.8659828333270823,5.014688194729197,8822.65253037664,8.648280433843858,0
4.524204555995099,3.5086656099425495,5.969478850450754,0.9195552285256134,4886.192823972465,2.315332422773613,2
6.065376272259603,4.1903453812666065,8.902874853471204,2.3931302050844216,3165.169654907105,5.424627732077243,2
4.831699576828357,5.218923998236313,5.188360911184971,2.647290232585103,3725.4186177834554,3.5170160739271594,2
6.961890820085329,5.845608664377533,7.1104021188376265,2.5158815054151824,8932.903855810808,5.953508526012548,1
5.633225310115094,4.0348442008041046,4.097553824139293,1.880510803480287,1448.783519940083,4.35377063089139,2
7.2008374340238355,7.767204810901179,4.094029061046156,2.770451344639653,5040.773756211849,5.529034672726953,1
8.956037303139874,6.476813095216225,2.4410781527284118,5.377211875064521,12348.28604385151,7.934249738927012,0
7.445512874367969,6.577089711298674,4.696213659402755,2.471702953337021,9054.131476569384,4.292430089685992,1
6.778049291042842,6.104037239297276,5.533503422844844,3.1915773961940896,8259.36148395889,7.736766839270167,1
3.41757202597636,5.4802044137171775,4.929101941150523,1.651075646794012,4613.569271733509,3.930366546699892,2
8.591048384710003,8.615367484013053,2.0645612979554047,6.085982116175032,9196.054832328928,8.808057798281146,0
6.031257861345796,6.394928134452155,6.879263951641225,2.5517753836998507,6461.624506101156,3.6372922291007,1
5.747444971427056,4.857451429228615,7.675233450919971,1.9165132404495309,7663.236273860072,2.520803981642233,2
7.416824115313652,5.067154218184912,7.338183776745341,1.4695385902566231,9944.463196669198,5.552789299257631,1
3.943969200033332,4.191665849853862,7.461748558770827,3.654580833204659,2903.2917823635544,5.2025765052252275,2
6.059907773650769,5.82356949188298,6.261101723194324,3.207802507353313,5561.061979271606,5.3613977242473725,1
4.381839551316372,5.578214045461877,5.761250840142928,3.4771167364793985,7900.0396215715355,4.256750798661788,2
6.399860457293468,7.016258524661897,4.827163651171704,2.615057111589919,8311.362777841485,7.051403000629479,1
6.311266776550301,5.511737706594751,4.197864993733515,3.2949714557088217,5254.113532232033,7.537127492000073,1
7.725828386778584,7.197722730778381,2.838714288333991,5.404050856814538,12829.278851815796,8.174577812831838,0
10.048067630615035,7.90394010027535,4.149273326285676,4.296823574874113,9947.517264254557,9.77080063563551,0
7.627751634575957,7.894051645695864,5.644343347017035,3.497029671604847,10380.60949224186,8.467693171765433,0
8.112708997528964,6.231560634437148,3.3231677141847813,4.852397413701332,9300.945247197636,6.405296932733204,0
6.378467355453808,3.694185351623345,6.917832459491763,1.2620696121248374,5011.044022135351,2.521453063001201,2
5.731898069234381,6.005422442857428,8.201052921318364,3.6478760013899216,5838.085755416728,3.8435226238768414,2
7.761949197312006,9.37570681331162,2.8499444129674734,5.125576453471543,9740.392263574195,8.015579047581468,0
7.711227067344736,9.159329803364248,1.9189366724001027,5.615935606944264,10889.651886952575,7.690453560686009,0
2.71422275550505,3.56089036494224,8.1495827148586,1.6688840461801144,5691.195865423952,2.477665681718256,2
5.475588435928582,2.4037251703853344,6.191858743980856,1.7960424236771284,5384.255908541417,5.193311005927126,2
6.228702176583969,6.444073338322746,4.814400979850365,3.4578056099257846,6754.601962323033,5.780917230744551,1
7.721078292473712,7.650742295681571,2.6783649487826175,7.076747983560841,10572.90317834733,8.43004164719107,0
8.213701320809188,8.508725023229934,1.4188092979678666,5.895038314076116,9275.40842247484,8.14679301198555,0
7.510965342123735,4.9844208270411166,5.815219068005139,3.1998104337187137,7896.030122000505,7.526824200128122,1
7.637401272781589,9.452467534470745,3.32674476460232,5.300474359610829,10933.310716065103,6.861166882219231,0
5.983852343606147,4.651063836691989,6.285172865171138,0.9563284449596219,3659.607479421319,2.3586198843979034,2
3.6009215718155243,2.6756558493112683,7.676443952164715,2.805384056981652,2643.2714733231755,5.081514086299741,2
6.035986933877052,4.612301019907372,6.27511899862633,3.417680752239401,7661.166561511339,6.464845776759588,1
3.8359493675941745,4.070411478703997,5.710579729182319,1.2875449515271886,1835.2426390615378,5.33932658948,2
7.819584715459137,7.284732671975023,3.905596295288886,3.361417317273103,5560.287684362029,6.686868373410811,1
6.423916945830531,8.892597338299309,1.7888280707192188,5.730764119066524,10021.40960175465,7.046060580603355,0
9.153018631252893,6.564137848820561,4.16316375215496,5.010233061019587,8527.737023428073,8.462103474263271,0
5.925664887401918,5.723370449783699,6.769587812541065,3.194107630953358,6703.178558088603,6.580651981425648,1
8.520160942366928,7.900824136220617,4.846636996047666,3.9299152336738477,7711.712243612892,7.3080919301187555,0
5.9102157836647455,4.279766193411416,5.186201933140591,2.0453933466374554,5170.184060084828,4.185837628902753,2
8.03040278253456,8.12003132671826,3.6135179727304165,3.9772074348015947,9613.935193864982,6.3314159261224106,0
8.23689622165166,8.26105527217989,3.005113456642461,4.765412866624853,7876.943886924379,7.579354677234641,0
7.903946457317794,6.022081956940125,5.337896175871324,3.6927227551168595,5596.0042551799515,8.043017589755527,1
8.224793494188026,7.377300480179406,2.7918777496427247,4.506999065341168,9115.952864583684,8.849602097021025,0
7.122979930483838,6.559949117405706,4.594505063224972,4.153038651681673,8512.91147581554,5.846609886396285,0
7.436158967357283,6.161155796697352,5.1193967935640545,3.5540577711159074,6207.445394615613,6.036037774996899,1
5.045616619690276,6.9116547545810025,4.858311928336996,3.419609972024118,6204.175559115351,7.535357917989302,1
4.665197012555498,2.3472946641696444,6.1499423379174205,1.5201428848663507,4014.297556582913,3.3022810961017552,2
4.18910606379975,4.940176851942531,5.889264840501762,2.691859550792809,5227.104571927599,4.29845181398144,2
4.705544242411966,6.24330665415142,9.293121775811363,1.935163228222605,3487.3269011789753,1.9141021222666628,2
5.037541841486822,5.810166406889575,6.894669457723575,-0.017822333990360484,4772.048926525942,5.0601438186712695,2
4.709415013340022,3.4551598168379205,4.089702233214237,3.457686586053552,3378.7427359121484,5.400323788618043,1
6.650572963232848,3.7449454205646693,6.95192875875443,2.02681976191087,1673.613380961844,2.8318221721498,2
8.411126279727132,8.179581781939598,3.3506300992735594,5.489187130147664,10952.082202842656,9.109699841956223,0
5.337482074726399,4.1840306317465,6.764462757332939,1.0318712452686736,7387.100551644206,4.876714186386116,2
5.147462697914838,4.825800544960073,9.132826615579852,2.6943893858461965,8596.438464564324,5.21920820715794,1
4.217401402581411,5.348438831532942,10.127069381846525,1.193670643657435,4490.361488528714,4.231607474168092,2
7.063909579152512,6.19801956241998,3.541462728204788,5.7591551603026465,9135.23439890992,5.40895770785509,0
9.492619608915806,8.473832920911788,1.8086965027973514,5.65655360863383,8537.977494659019,8.787084603742452,0
8.697037837965794,6.6540203197532515,3.1263795795464118,6.938928999058285,8499.503013091638,7.322255029475149,0
4.292447714705894,3.8534516345079473,5.919681968489815,1.099476025759532,4938.062957323008,2.5254973129517646,2
6.567061302343489,7.692550974244204,5.614644193939246,2.1389120898264293,9605.054955187787,6.837483927046833,1
5.714745649888945,4.21953113057793,8.061186566296572,2.621545353883863,7411.872591678736,5.353453647621203,2
6.2305104709363945,9.533433701296325,1.576042847549855,4.7333476707655855,9356.133369552008,8.58855326977072,0
9.176936261994888,7.7906763228481335,2.3309272613400833,6.039904687396076,9091.576690394704,9.826009713546936,0
8.54900815229961,6.387284128810348,2.5280681342105664,6.088950596967366,10096.420028643193,6.922255222070694,0
6.436746126508355,5.305051068437105,4.278749315732031,3.696167997159289,6723.461140696178,5.894290507165112,1
7.185361984194045,8.012852505366586,3.7922423723856857,4.0768481446576805,4245.483873411447,4.566972718689253,1
5.3429263773213425,5.992162954015156,5.830937012109825,1.4784891339748953,4536.559978103139,1.8954172012346677,2
9.2937700599749,8.104355937523213,2.101215951676872,3.66968637426101,9716.31941383445,8.921650111924459,0
7.966045634783361,6.9769821145419195,5.723100091003079,3.3687331473175197,8090.695947324377,3.686792904785268,1
3.5038411868353503,3.39814540018825,8.984116700327704,1.864701851485747,5119.360302413249,4.758824416163609,2
5.138078408417547,2.2366455552587685,7.0795889693989285,2.6922318049082,4284.6853090342465,5.677115870186871,2
7.266233291578325,6.249124021680751,5.461514980101671,1.9044806111544377,6178.868865595905,8.158470022021575,1
8.171274995304163,6.7542612212880115,3.173180925851182,5.3853173797288365,8674.213845698301,8.153725105945528,0
5.049328165794844,5.366936382265175,6.452078712694172,3.910374164419786,5270.106556543972,3.727066679774487,2
5.967794469003426,4.978790589002035,8.57507356233014,2.259726588402015,5214.485952213825,2.2739893813332337,2
8.818056345607712,10.439752406339274,4.384272818510518,5.56390912005236,10892.131512497928,8.853415558780307,0
3.4318556865799494,5.048655676431016,6.4099265533830145,1.3900656395176685,3859.4545381758044,3.60638841796699,2
4.347049844167919,3.84025276843436,6.527100499125616,2.2144403420718026,6072.761585192087,3.9488813069846223,2
5.9065441571099635,4.586702457885499,10.086716765646644,0.8492710665643526,4227.243651361973,3.87348110304605,2
6.139072913272801,6.662088959893104,6.800392624608244,2.536838637914601,6882.860089325996,7.384680881106897,1
4.588975063496827,5.725947580887647,6.43186024509536,3.6661282576878382,5646.293628522556,2.7243173400042684,2
2.7764258320628032,3.878317176629932,6.548529531410167,1.4948503780134534,6865.108695780743,5.228030209608135,2
3.539499100581512,5.929512817958199,8.012705584610382,0.6271734013514487,9066.1914485608,3.936254714496034,2
4.631380634214301,5.4684556999280245,8.679531667830071,2.226442529806923,4491.033219292762,3.9586627951908295,2
5.507020272135357,4.4311255619111565,4.906827242867392,1.4336712474607398,4605.879878470244,2.4041060314258864,2
5.926387080697651,4.458498881160037,6.4667233245293,0.8943530581596755,9230.385514975387,7.663619276715412,1
8.514178207894036,9.329152530132431,3.19652116970147,5.709003757588512,9865.39645856916,9.440117215449472,0
7.006928819819247,5.16216039046674,7.5180120100588494,1.088359449348243,9466.751246703936,5.730817234946274,1
5.729772937034196,3.3827979460410704,7.064546459981922,2.549486328809805,1902.0458374390846,6.121631307330203,2
8.67251483919098,7.3473760206976095,2.5538165667852204,3.110459269054469,9321.540521126384,5.576120673371044,0
4.551457163472139,4.786265944528487,5.064157867080672,1.8853928677086458,6644.82067734538,1.808746148834719,2
5.24329483429927,7.626687522852418,4.083713540292401,3.504483256383017,5155.448540143119,4.5846484025906635,1
3.654985516069331,3.4667403934013095,9.065771404756841,2.816029205521672,4455.302529774383,4.85440200112072,2
5.27242139665361,5.000958107785554,8.786628782160214,1.345115978671937,6638.160175973639,3.4520946957930647,2
3.7577534664507706,3.1492954631616374,5.355669512697152,1.9457028946404145,5647.447444456396,4.7396754681178335,2
4.517686429063697,5.818780028930358,9.939755882117012,2.3604904395451105,5124.159355678139,4.036782833174235,2
4.716848115120125,2.0699521035885926,7.237140847865179,2.026754774378521,4877.158430641261,4.991191112926666,2
8.199506946968604,9.577453279763475,2.904704467613048,5.2790215257703395,10911.84476457481,8.186609123156359,0
4.346537104275193,4.036150060922688,6.046688351776665,2.166658006900474,5540.553073857292,3.08935491281751,2
5.1996104184027825,5.81301545702577,7.718504715089138,1.3109523362423134,8267.843260987493,4.194333463338233,2
7.887949260669447,4.971873487407849,4.1666798307697,3.2043890316029766,5696.775710885867,5.525183145892483,1
7.796018226063316,9.503992988582688,0.349030191606988,6.091506851922462,11869.127788746444,5.9266097675918505,0
7.5630044413980135,8.391804005402546,1.5210884312258712,5.183359919779155,9977.035226240507,8.579291499601089,0
5.5057354324727985,4.39595863662215,8.88642858453904,2.324844897942465,4647.613592718538,3.10648490748072,2
3.9700277252230642,4.555295065959782,5.389467011623371,2.064866034320659,4279.028087767638,6.539381622782861,2
8.38480738538937,8.223884024279132,2.209525544554688,5.471468357135996,12823.03674471255,9.345420046154977,0
6.836075592361473,6.728220711858805,8.084815347244312,1.8691115646740843,8210.448115217181,4.8883426440221545,1
6.399636591997679,6.393455428991229,5.128839509439995,0.7806996272524649,7155.3005541372095,4.978312278887624,1
5.703881214517296,5.7821962054372,1.734402430335718,3.1784766638853896,9643.286561720352,4.231041441549474,1
5.8635543456472945,6.509272725433215,6.919278004640239,0.7831811606459356,8254.117211236222,3.008075015603907,1
5.898359568346986,5.849732063982975,6.2311168045322365,2.546569923200855,7085.382991267985,5.787346414429825,2
6.195531388086709,2.6772362630240227,7.7568727217160856,2.501230690669554,3140.6565708796406,2.4971293913176105,2
5.579077010757705,2.593105608617488,3.785928768375869,3.9567031863856585,8275.419773622556,5.734184084457452,1
7.969892238060122,9.103301882016522,3.1142276486620397,5.150301761461877,9454.581681679216,7.9430543762789325,0
8.259333081990754,7.869856945632315,3.0969959649927183,5.595157025436913,8772.66897514979,10.09238727568546,0
6.912115087216065,8.746253566027221,3.645484181141075,7.16325472330546,9538.332647570498,8.21915032766394,0
6.812556736742516,4.408233446026701,6.570976559932173,4.169589992427774,7155.913883897958,5.947827660223365,1
5.1934485749917965,6.071838203320241,6.888482005362214,1.852358846251244,5888.494320520015,4.0993138149513495,2
7.534655268841085,6.985243269307134,2.350722454933993,3.7760597332377435,10051.12520238884,7.230026768941358,0
4.136020150923922,4.348160904303528,5.634513487107574,2.5561321986641126,4436.549508923989,2.6951831095670506,2
6.2760053585004165,4.465163116536257,5.772941482436702,2.165718189965375,10776.145100070684,6.684608650025419,1
4.391506096268798,3.2905585041334438,7.38060594516225,0.5655388816700881,4568.140884698119,4.245038664315406,2
9.610709798021299,8.136535331082737,2.6346784486878914,5.184680305864909,7979.310565705455,7.028385961489349,0
8.27489463165477,6.236959844637266,3.324083969394795,4.6149177195836835,8984.616999541062,8.611676288840869,0
7.934279057285945,9.117295831588127,3.342725346377704,5.456753219153784,10854.650920348306,8.447708560017315,0
7.381739828369943,7.763181393259991,2.5146364521708966,5.081874139386323,13471.987850010264,6.1327348074082515,0
6.899891298992297,4.3208325902376705,5.551473939487132,0.899973492348376,8438.262025246553,7.06227777958679,1
7.560345687276063,4.311821988602954,5.878856301746974,2.263229864052378,5377.099212113719,6.262240850893135,1
7.180650540536636,9.854092566334188,4.221033695525353,5.582097703468616,9660.273851725253,7.04056076327652,0
7.831095808937844,7.012820472848816,2.8687430329076955,5.076851882958768,9662.716027287883,7.349997419176541,0
7.571995317494968,1.8006810549590835,7.913103383686625,1.554295541942215,4120.37727666684,3.3802278717461225,2
6.448820108337715,4.1219016865092915,6.63785415291251,3.173426045519181,5758.336779822512,4.436235704801055,2
4.358918733461644,5.2908652126961035,8.540341927386871,2.4796620329962846,7428.181459491302,4.415826629455343,2
6.702055076797299,7.661438457112688,5.6662974909360075,4.101322957735762,8199.81796717519,7.615470907443298,1
6.203533790079374,4.382343465671799,3.9279789845143522,3.5212799050138144,7982.517812064751,6.201671767160184,1
4.988484911923355,5.736791769889871,8.642197753340987,1.3552066151524675,4210.167300294947,2.6776525653167047,2
5.964155884171978,4.133466357069982,4.40622566574487,3.5623339059916086,4908.353737991198,3.251200203979946,2
5.409064938334057,5.299953460148269,4.97511154320809,1.6358408761470726,2979.1191236279765,3.1012001897561623,2
8.234846345733303,6.643418195376595,3.4664299824335263,4.964358517702516,7577.302276141736,9.164739354457172,0
6.2119685849944135,5.126307482573615,5.560022839567098,3.3123782104665715,9289.102748124622,4.490558212909335,1
6.796223700775198,8.760055963689602,3.082439752934503,3.5424485005350697,9536.186384425206,7.247843594409417,0
6.673441885622985,5.030096083653069,8.84055189557331,0.7355168473526648,6866.847740532883,6.2314989110277486,2
6.060354291273136,7.031505464375762,4.4193040253157285,2.954588782067762,7538.082630813616,3.6963922125628126,1
8.294938647098322,7.606661187672639,3.0287448229348173,6.278451862607299,10286.648602029854,8.046436548156148,0
7.497415126419854,4.555207664083609,6.038328609663033,4.259464472802437,3021.5472525462337,4.020106466869098,2
7.750311014806559,5.671208301804835,4.634924030937473,2.7001618037251194,10356.204884359511,7.951150698434476,1
5.856737421470458,4.977657859811115,7.591869978226329,1.6593955162787275,5675.743585667052,3.7382417097789054,2
5.644123767850108,4.598386576589664,4.371434357288505,1.3114166692837292,6008.584006417073,4.166655817359844,2
5.8150641274706,6.042679288839592,5.978459227415346,1.3686648895829268,8220.390752108888,4.733870789423461,1
6.008541484722964,5.148253209319758,6.468334337835168,1.6282568707364944,9913.171283601561,6.993875628221547,1
4.609591261719529,5.119372847503656,6.021207560175032,1.5110582783845383,4208.0089673515795,5.353069160166408,2
5.032143146964561,2.429074650224912,7.033508858977912,3.3548377067309376,5227.1110859371665,3.707314541024723,2
6.770842301028732,4.874489308156321,5.324937463106928,1.9742473163597227,9151.232097633907,7.27364515784776,1
5.723900591696285,5.522930681409934,6.856480636267998,3.379767636040896,6047.931362234632,5.627630753538115,1
5.6595314695891386,6.61981416039316,8.557909103813225,2.074526670159794,4233.516244706409,1.4464504039441017,2
5.273118434293644,3.3021452897863135,6.995820833999648,1.5735276783873335,4483.90406494366,3.625465849249749,2
7.762494446049748,7.182539622738262,6.303731888745345,2.5444604739761294,6166.138757657513,7.146360669885303,1
3.728080998887277,4.75367588096479,8.59398593618129,1.6994930673875714,7026.671134980073,5.292745289518207,2
7.298105661536196,5.655846917114077,6.1392723312291615,2.7082413677414627,7410.260784705144,6.5922722452011495,1
5.693217601658704,2.0667872739949815,5.670939629532434,1.7339364961201,6054.710295854074,6.498430483721495,2
7.608448445985422,9.044160877069071,3.6818914896263113,6.846707325736034,10875.892277988945,7.64070790921294,0
7.585910960771063,8.223787951638899,2.983577103927248,6.188393273448084,13790.398638810433,7.4691312270796795,0
5.797975254581905,3.83386892648598,7.018254523424358,1.9257003988855579,3092.6772186615744,2.846915668260218,2
5.697586970339199,3.4966899957364483,7.4620148533260116,0.9577241891802037,5678.101757389506,3.644025915614167,2
8.772317987672936,9.236130721806218,3.0886575909614375,5.197315707405596,9073.522156848474,7.683927143972951,0
5.6019641550044685,4.898996614782884,6.5264922002652535,3.271495310825648,8327.214412859284,6.408707059680596,1
4.355659732978015,1.213031752635033,8.779218211063448,3.232259183855909,4170.234131979095,3.746048293602765,2
4.552038661550025,3.042232636933628,3.6875788356576216,1.8155308811811097,5203.789136122486,3.947494931461348,2
3.9986853458020333,3.393373313482047,5.56807284707491,2.4145751603563292,4240.716408371996,3.82048542512752,2
6.035481357956839,5.2663377031336465,4.8605836900796175,2.76049807797825,9175.250663294932,6.223699403692856,1
6.450588640111897,6.575329821703277,6.311775611198784,2.350234773151733,5695.198716916283,4.749546705308276,1
9.92273246819062,7.9423812029664145,3.2010990467149676,6.050654396007612,11658.288899436975,9.18703030556038,0
7.126298987958858,5.482649316509881,5.612079270255133,3.5507975722736633,8167.160711747392,5.009215580637429,1
7.558221564575223,8.63293181775551,3.2029230208512995,3.484255885002768,12321.257801995092,9.795877673095521,0
7.05237814889721,6.31874039180704,5.98664476422556,2.9304677137577304,5719.509917541383,7.269377016984955,1
4.262620096502041,3.498978181520852,3.6009218587760756,1.7193774355187568,4658.42057774637,4.715493096769485,2
8.734653284801851,6.429499396376823,2.0103718634296626,5.940771187988216,8526.268909692535,7.775366850002976,0
5.696322862080324,4.834559774862553,6.686997443169301,1.7498652434141142,6286.848237937014,4.553569531067794,2
9.292300551575554,7.6776795307886605,4.217158520825496,6.521316051922451,11497.46634722194,7.5683796872819515,0
9.289822606390917,9.314914453584047,4.639964529371393,5.7421274910718925,10113.15045835239,6.398034188102832,0
5.019599616577628,3.5370839521621957,7.868392972856852,2.368033859088373,7310.66185966501,5.2553497802884745,2
5.922609957330197,6.212185046567278,4.179979873119102,2.728344889673947,10010.178135447806,7.608553262148417,1
8.326602204571577,6.297416395762159,4.029155637325644,5.472597482413043,10384.044601470814,8.982690983945513,0
7.425274187544642,8.894924376944441,2.705050321707972,6.247742072673734,8989.764063634197,8.278994162223801,0
6.5983218076410335,5.380257376207039,7.013175482347222,1.8098533464312125,5114.91360567749,3.488236442057697,2
7.903241481113775,8.419532443907027,2.1125078221979,4.56254169967659,11083.572036741658,7.627166847908233,0
5.385970092568876,3.0880260673199365,8.392135916486621,0.5836150897791375,4132.829811926535,3.741991463802391,2
9.596533991827172,11.109918556005361,3.6067230591361827,4.8168033812796125,10801.758472720825,8.887655425873836,0
5.689164457074336,3.679638861256335,6.5894061217498585,1.9885837176404892,5224.396936278182,4.0978271747079225,2
8.008282095874705,6.68816376764984,1.9348863369246274,4.694775295645332,9085.731696761075,7.813028697014554,0
7.372689336482958,5.44447258556969,4.775088921381336,1.566848185475288,6713.006389399796,6.592385817171781,1
9.263370252405913,8.767434729152908,2.530525614065048,5.542560043585965,9304.873460781306,7.5342702464297435,0
7.725849924735721,7.628559134004209,1.5924883052821788,4.222183312409125,8334.136231801256,9.752270443423622,0
6.16669975550763,5.924252384266502,5.5936982730646205,3.263550811954785,9426.143690922176,3.08832951535775,1
5.9737262308523675,4.858557336386114,5.839816233949855,3.518987985084191,5130.52472058858,2.963856428024803,2
5.530683123010048,3.7038766113366144,7.056362289003799,1.748247336969526,5194.052010055728,1.6192608944765028,2
6.203593521127977,4.31331957698563,5.023427500924405,3.902277173786647,6138.36572977962,7.823140708370122,1
6.954482564102917,4.7404134013080705,7.0438442790686775,4.640614563488287,12228.085101768127,4.651807160112482,1
6.187077678741756,3.3422523148443775,6.378054236778954,1.4205579726338664,5471.666886312279,3.6410416148205864,2
8.938499710069314,8.369642192198095,2.8926978559957712,5.447716925810278,7643.6857718972515,6.873232531090195,0
6.614439015903162,7.019534386219456,6.039286376356155,3.5825713188088053,6300.089239947099,3.710397435452031,1
6.6870784206316785,7.242532099700334,3.7459067718499632,4.424495821246948,7362.440963782311,4.934676586153751,1
3.8968156187669063,5.484664203465476,7.276463596117155,1.6639778181646698,2142.9879598018047,5.4444121950550874,2
5.849588502191896,6.987935898813246,5.338642284667632,3.0176132519336574,6036.950959082626,7.564209518321711,1
6.705759176284742,5.711201790563744,5.0118202770420925,2.6743889478514964,7253.497191171913,6.25451202368901,1
5.3104727541807515,3.147283448935023,5.264587904155793,2.2580037282319236,2953.8410092724625,3.4681222497106714,2
5.382433315692535,2.925404158565379,6.404327002648221,1.9668225776006818,3351.441163202211,5.796665201675017,2
6.512146354032346,4.83023210889259,5.96838156826129,3.0193812376980254,4019.526602654365,6.939155791579822,1
5.3878224598772295,6.189313727152523,3.3539475215434003,1.5230750724680986,6390.942888811445,7.430279201296288,1
5.184970575073156,5.0433076224920335,9.560994714338834,1.3833449578170485,3082.4710567965135,3.1045720390749585,2
5.4073406756676485,5.821236828279243,5.754176640342791,4.796360822926964,8559.118370722697,5.70878246782556,1
7.187667897874845,6.09576178087048,6.7093333040382035,2.6126380354471888,5852.069362233282,7.704605144725276,1
6.625354982597219,7.228236773022413,5.262930168400886,1.6632745611240694,6882.264946554514,6.158313560126349,1
6.845810360507325,6.564053024841843,3.938561157766961,2.2878261358239564,7334.001947164006,4.92402932722175,1
2.922880146226126,4.217671308033073,10.218737387614732,0.7640512622772795,2027.0532713919301,2.500818798042302,2
6.5099994575258,9.442083666800123,2.4971011116827073,4.058728529883879,7240.797393905304,6.92630418580401,1
7.2049173766506955,6.001590826481289,5.593131478082057,2.042431044984788,6616.001652858957,5.449633636678699,1
4.45491277000441,6.680106755490126,5.096063342135343,3.228925418283956,4833.021726803299,4.299085734021106,2
5.286261042662657,6.9006950010261185,4.375708392672119,1.8699306609596422,6824.980713006279,7.508579060235087,1
8.01473470335164,9.676437312275283,3.3269273737641627,4.780899471191136,11244.108371775234,5.788864690992115,0
4.885527628201137,4.677307088880154,5.8572629925117266,2.1682936908327095,7295.501846531617,3.2219052141672857,2
6.904772442764692,5.126073357112064,8.247584101709904,4.190548594343596,7818.8610459483225,7.2323835159836785,1
7.4197376151029975,6.355892326236366,6.901477266781961,3.2887280030098363,5764.325071930094,4.400245974266632,1
4.875113114649933,4.51883735514931,7.327988960135946,1.642943587812524,4699.041051761852,4.367510410540602,2
4.725197695247312,1.8585078318588981,4.001666639708125,2.027223669077345,5920.6562836848625,4.375455857627252,2
5.829323772582862,3.742018170583627,7.436804132707048,1.7091413640679767,4723.951401201496,1.5121779424376687,2
9.342160651261153,7.4464117582920055,3.5689830791852755,6.628396623128538,9431.30838851877,7.796419639897638,0
8.546855458560382,6.6340442887994655,4.211943985386401,5.261250531233856,9446.084291130695,8.143388467342252,0
5.704457182560166,6.299457827517692,3.2254157228984166,2.7472367449038146,9044.11965143299,6.9560423124848905,1
6.784775039185095,4.516140437543152,6.662720416307722,1.256966334838033,9403.486853491668,2.9266719677771045,2
8.275030305239909,7.951347648429548,3.0327969954115863,4.241504665299931,9654.39892869135,7.075766855731696,0
6.277964594947559,7.549528606819054,5.6326701113763065,4.310191908080897,7176.059219474651,7.12497299100831,1
3.1597336152044315,6.0937992647487995,6.243552976281065,1.5137408859075006,2351.918619455039,5.7409414865969906,2
4.838045183058672,5.026095239395974,5.6740017148803386,2.1059977147965165,4427.765877763861,2.6795065565949683,2
7.536850449425117,4.671411819837058,4.451741094522101,2.8487007797674777,5406.316196711272,6.70961909011008,1
5.585584550341017,6.984189824106581,4.902967092451222,3.0728740980155154,7609.795486502542,5.819708413442088,1
5.029430591677552,5.119973335123161,5.528011095223803,0.8761464448579945,5160.8119430602,3.681153644505269,2
4.871023597715251,6.056992161901972,4.626392233020439,1.3271060986884258,8106.3192979159985,6.8590472936291516,1
6.394264515484503,6.086734758461147,2.749667207829596,2.2211629571795655,9526.609338619708,7.063429426301755,1
8.664268653235396,7.1439161740911326,3.0715662372193924,4.522342553234884,10718.469738619588,8.333662105286948,0
4.937351777878178,4.7894882980880755,7.126757718539293,2.638395639689789,6385.262924071053,2.949376678172199,2
6.394821923462666,6.991256605729808,4.344853644142674,1.3934228992613207,10124.375856308132,7.657744894428584,1
5.4702691451326,4.323458177864411,4.124601010480992,4.038378851019317,5220.980886784737,2.6014132822673175,1
4.185601812553676,6.301011636336454,9.029200802345088,1.6267407430377787,4056.9946294537094,1.3818668013077202,2
5.690910957392193,3.9662317941954117,7.208543030429689,1.9639016877407587,3611.1651441632753,3.8863333109185647,2
4.020074425217755,2.1511936930392124,5.99778542750835,2.154703561539327,2977.7344318587648,4.0156822364716245,2
7.158226224667202,4.844818785697228,6.0391535477732905,4.1058330662947125,8792.154788449207,6.301579977885723,1
8.100179602118326,7.570594458874747,3.122297503032284,5.543298029036388,10073.290105488557,8.040591691203883,0
7.652403018054147,7.690827876531361,3.222133771633713,4.5212513783365225,11883.634188360282,7.105392697780496,0
4.1894713701783735,5.5283706443793434,6.897330261000376,2.0230204512647987,4722.353525868172,5.212129204233486,2
7.36598340925384,7.885263558533101,3.5049872789804573,5.865755194170122,8199.555389416335,7.665498764159052,0
3.8665789817073772,4.919908458299271,5.6569684395112,2.8502829544265733,8506.74161808245,3.13924319829818,2
8.542340697071415,7.5120885918542974,5.1573082132655035,4.3942850769966615,11113.14305801396,8.299292580406492,0
7.596656135193863,7.918477326898354,3.3476764835383364,4.512771435886448,8986.437881257581,8.034152417488025,0
8.293829850721073,9.838183676795122,2.7765340176281477,4.650683203881803,9970.870591168401,7.696820217165724,0
5.419140507033583,4.413050451907716,5.722799092577738,3.547264797377967,8323.325752976047,5.694053047735562,1
7.616930035193277,7.13722423595688,3.693478911913994,4.6079873600808705,11589.904576069934,8.617005949576697,0
6.777367982083936,9.013867861901309,2.239883383241371,2.96771938895053,8460.81440261216,6.147693841987417,1
6.6923465724632045,4.673191766071244,2.9449779293389646,2.271484650204976,4477.76390477403,3.925073443881552,2
5.024965133215403,4.931618582376154,4.903883353776925,3.5362909095171897,4205.80826835008,5.80545122942417,1
6.11315081292277,5.265399699414215,5.736811498117994,2.641970620253014,7290.904199005149,6.887583782069606,1
7.392693870757041,8.150393786476208,3.3417559757771595,6.876170839215886,11425.635757279075,7.423096344337597,0
7.35320511768545,7.498242956415464,3.915402117702074,5.3287511096596845,9205.359694349441,8.513267433113356,0
5.4394526904579905,6.021552584523707,6.963402149145765,0.8622162803950342,6263.770844682506,4.754958766141964,2
6.873336785572865,7.825207472591256,3.576625218762744,4.747363197915558,8898.287346390578,5.716133655337265,1
7.1302032489097575,6.914174871114815,3.6793732829565036,3.851205964841344,10999.468751363818,8.46259129285395,0
8.510984177623348,6.8569950872695165,4.6334315323010955,3.853654606981312,10453.95319785855,7.245724149980642,0
6.046884327028222,6.997940143416484,5.314205125471659,2.015465949518032,7491.067936180906,6.940803335172897,1
8.735261186390215,7.709725455811348,3.267392314071903,5.321697806196013,8997.864319535427,8.992042349536522,0
6.6109161469680675,4.696648440982308,3.6976085576025017,3.0978132930933073,9155.90032005286,5.692463010898113,1
3.818018003931781,5.695168414615734,5.952607226872912,2.099340547795691,4428.854894207293,2.730534733987187,2
3.6641375958313867,5.368963871177397,8.936137636183641,4.070327178824548,3200.41210236468,4.698919685080789,2
9.08852687667092,6.691179600880888,-0.019512155820825328,5.183849544753695,12700.76677226628,9.238946352939438,0
6.172553220723423,7.2071094141557,3.308755851570442,4.127908993253569,7731.740498392876,5.596136892146192,1
8.034881957097962,9.695051040430753,2.377350638265548,5.194607455237243,8886.294121452927,6.679977488779294,0
3.8566610089161393,4.604968504416887,7.349564427294226,1.4255481731053885,4118.2155426379995,4.230610848766214,2
7.484699610523788,8.022017134450211,5.844321290261532,2.1201856464979456,10480.59166754916,5.362834922625643,1
4.177923988172073,3.0368586401733673,6.145825338261835,1.9007828900880024,3403.669989773977,3.990155191349617,2
7.8556160691275,11.19310756784486,3.298752908365686,4.248208949904816,9360.463605691684,9.148445709196755,0
5.97571337766925,4.500906608945515,8.028786727912628,0.2770155409668309,5670.472575514777,3.36141417485497,2
7.4384066497545955,7.337099082449052,1.5973947282003065,6.749576743186939,8134.205146913073,7.307094802204093,0
7.458886158352584,9.800940432910815,2.9598420493556565,3.569224897881952,10192.156622366183,7.318948342525119,0
7.295557900407126,6.775207424537462,1.4425109587116616,5.04206965292788,7942.919910931302,5.0682010314084,1
5.460335010457921,6.995678901455009,6.217094831737388,1.8517367112473817,8728.16646563229,7.845518302095064,1
7.138275023916613,3.7687958740079313,5.068237214496128,3.5583364232117054,10284.971154842933,5.42188083468783,1
3.9031249206160137,5.486479293639033,8.308229658526082,2.2592291541652267,6236.1543452835585,3.8358505872782263,2
5.238402814247202,5.036610667258989,4.8890407046084325,2.92433439567417,10458.813265184712,4.336814469121203,1
6.171810143273845,6.297717160185341,5.775767516457934,0.8359563159275585,5452.941350257647,3.452592477233127,2
6.892191760833068,3.4395370311707247,5.8404554355959455,1.3034177826850069,6086.887668084684,4.44848545419644,2
4.34546642900169,2.04058258057401,7.560300525117653,3.1643475871322604,4113.4723163998515,4.440059929023145,2
7.5540065719937335,6.630197020420923,2.911717951648745,7.579709337654318,8794.488148045404,9.639116805444068,0
6.8978645056343275,7.062174960084877,3.5150352672086598,5.513785950912209,10772.571529459072,11.85273149065472,0
6.301107316986658,6.751936364715685,5.068345821712848,3.623407138279916,8555.160199708342,8.58591441285977,1
6.8403919465921845,7.436696308374273,2.942489454154301,2.2905589975724534,7067.176956186443,5.059495774650686,1
4.122515977844368,2.8114953662591797,6.669972958510489,1.8980745020880323,5153.968292809496,3.70220384377604,2
8.461657701744432,7.796954613957007,3.371145873371309,4.39601481328418,10129.88468120935,7.84432276460792,0
4.091230329192027,6.5214298015241425,8.263445990520854,2.0185567828459,7026.523628730501,2.4874710347011244,2
7.384720339485847,5.3232630143301085,3.775674133187053,3.0781430629696476,8792.454186746916,6.166872478384101,1
6.2477626757711,4.870772759200345,5.369125422974613,2.1977199728604564,9722.941152654803,5.660138353265721,1
7.577106654600194,8.586364018755093,4.238283071433636,5.021271576736062,10463.249518898445,9.702214944635237,0
8.073408621228403,6.012431085399108,2.780328112162488,5.357112571511746,12216.841067112275,7.481729781726353,0
8.43702739840296,8.006422269810939,2.5636141094734315,4.890390196074169,9867.455561191997,7.629988970117872,0
5.8408516104224,5.137068658260977,8.07471814367889,3.0006828189574826,8673.195002297189,5.050920741998937,1
8.36621829292151,9.674492433347538,2.9944039811709535,5.6687416555925125,8362.448685791029,7.612900297525599,0
9.438149221479618,8.64084286126701,2.428821010217203,5.572582781356159,12099.033154879004,8.924633682912768,0
5.499095816137749,2.469275002028006,6.744421351917706,1.349741127730748,6242.088222339964,5.071080500402805,2
8.632825557634437,7.090612545205261,4.402794310936099,3.598148937207719,10880.285640700406,10.190455625809978,0
7.260012662935717,6.29160566646528,2.700949160165104,2.8037193486120633,7952.550013352603,6.210643475494318,1
2.9676462357016153,2.914133056186739,7.031639121775881,1.0951462115979298,4899.083802629698,2.925338960567137,2
4.77895753646295,4.583243763189683,7.288895378096957,3.913687708219194,1850.9656033714618,4.683223014788808,2
7.660742038623369,8.168635972365461,2.4760119588159712,1.9759714091136205,7080.284486434491,4.842554646107771,1
7.04870825769885,2.549409275760201,6.1648318407349505,2.026111069352697,6706.071646443371,4.399469372602185,2
6.305841001739775,3.7319877945804687,4.317807923933461,1.9601934689731157,6588.530481939792,5.835226841053345,1
5.020417167212918,2.741191371189486,4.346424544390902,2.2933971263138058,4424.187888003826,4.2022804076212195,2
7.804674691767481,8.964087168288357,4.18947048892464,3.7723921848630075,10896.100104774787,8.701172742310899,0
5.243134655138489,3.9357559934576263,7.918498321003768,1.2171292880090765,2927.6124223046286,2.2017852605908925,2
4.5904561038434615,5.404946193587821,6.645950281315563,1.4343519683944037,2988.551490459364,6.685415287463051,1
6.753962609000141,5.600567514740987,4.859919711650077,2.4706678875516292,5228.29453622885,6.3859118536070865,1
5.957993941480019,5.296254742198122,5.460878733706563,2.305140494027474,6495.898351488309,5.181890042558893,2
6.673420451010103,4.683236966840587,4.116699759891956,2.1627375689502997,6588.187108986273,5.353052756221226,1
5.479507548001608,5.37472943348454,5.961473838649309,1.472768580089084,4138.8489870746025,4.536413899891343,2
5.823876833259073,6.664066779689312,4.949112161108137,1.4052440418366676,8131.049446527718,5.306495067800747,1
7.426542143517756,6.13346338292694,2.9173193141573006,4.878252491616716,12270.174614863197,8.630811684554777,0
7.207570939895449,7.433702270397228,3.099651365087641,4.496524345883801,7674.004853400801,8.068562974806028,0
6.440841947513286,5.458008628608453,5.29253747604219,2.24171793111241,5804.076997593711,6.747253468680322,1
8.13476878101569,9.317597535607959,1.9934574347203589,6.139878561129045,11975.672601009797,7.881931473008922,0
4.855121438052113,4.551649045020465,8.534262207326146,1.8476430512566266,4138.876134369096,3.7188745151119136,2
7.743465899554247,9.795211355912322,3.230070759191402,5.4977430890913945,10998.886378081692,8.421586610614456,0
5.868772500590771,3.0763962874681745,7.881783832206603,2.4957910277622952,2133.024662506244,4.09297924652941,2
8.21004906320154,8.193589911367544,3.850897962167972,4.862628211600604,10585.697274893335,7.896778247067504,0
6.544691151875598,5.6284203432143265,6.719041362520123,0.16249355860262105,7475.084486511137,5.873017491002763,1
8.142160800746604,6.664655641289899,3.3801978510059634,5.6105857452838235,10839.68567189656,9.080780725554622,0
4.571152074393926,4.999004203543272,7.9003194486164166,2.766345644172547,7711.412761653895,4.506157655460712,2
7.935406206388468,3.2664914819871136,4.434094968345229,1.6855278394388309,2648.0176016595988,2.507537729994007,2
7.469900992843323,8.57059866859316,2.236740843457483,3.195117899335481,7558.686343175255,8.048084946661382,0
7.222674612366971,6.620381835211069,2.373282775410035,5.862393472382759,11429.68756806413,8.513085420097292,0
6.95850225059296,3.8569602096790665,4.460555491321307,3.3011073391917423,7775.751774483757,9.231640396776596,1
8.014747146452315,8.347581705361671,2.4602403196906386,4.221695274597687,10293.767882646522,7.021627222384968,0
4.3996143071288945,4.667584427478421,7.110005117167205,2.7750159165450827,6450.767183658424,4.493977382205645,2
4.866996836069936,2.914929260992607,10.214510581877365,1.6241884285302906,5238.134076406314,5.156006669451127,2
6.201931669539543,4.5105461311584865,7.086796071140134,1.7875258933900708,6026.675716454642,3.5788011833870867,2
5.273010717494386,2.0104319549443583,6.862064826093601,2.0128202258361285,6191.900574417818,4.973622249427847,2
5.346117328797723,5.090417136680278,10.096330202278615,2.126475900693448,6229.6095758871425,3.804527356414026,2
